Data,Hora,UmidadeAr,MedUAr,DesvUAr,Q1UAr,MedUAr,Q3UAr,OutUAr,Temp,MedT,DesvT,Q1T,MedT,Q3T,OutT,USolo,MedUS,DesvUS,Q1US,MedUS,Q3US,OutUS,Corr1,Corr2,Corr3
# Data calculada a partir de 2025-04-18
# Hora calculada a partir de 18:46
2025-10-08,11:05:00,40.00,5.00,14.14,0.00,0.00,0.00,SIM,24.90,3.11,8.80,0.00,0.00,0.00,SIM,56.00,7.00,19.80,0.00,0.00,0.00,SIM,0.0000,0.0000,0.0000
2025-10-08,11:10:00,40.00,10.00,18.52,0.00,0.00,40.00,NAO,24.90,6.23,11.53,0.00,0.00,24.90,NAO,60.00,14.50,26.87,0.00,0.00,56.00,NAO,0.0000,0.0000,0.0000
2025-10-08,11:15:00,40.00,15.00,20.70,0.00,0.00,40.00,NAO,24.90,9.34,12.89,0.00,0.00,24.90,NAO,58.00,21.75,30.04,0.00,0.00,58.00,NAO,0.0000,0.0000,0.0000
2025-10-08,11:20:00,41.00,20.12,21.52,0.00,40.00,40.00,NAO,24.90,12.45,13.31,0.00,24.90,24.90,NAO,60.00,29.25,31.29,0.00,56.00,60.00,NAO,0.0000,0.0000,0.0000
2025-10-08,11:25:00,42.00,25.37,21.02,0.00,40.00,41.00,NAO,24.80,15.55,12.88,0.00,24.90,24.90,NAO,58.00,36.50,30.25,0.00,58.00,60.00,NAO,0.0000,0.0000,0.0000
2025-10-08,11:30:00,43.00,30.75,19.01,40.00,40.00,42.00,NAO,24.80,18.65,11.51,24.80,24.90,24.90,NAO,61.00,44.13,27.28,56.00,58.00,60.00,NAO,0.0000,0.0000,0.0000
2025-10-08,11:35:00,44.00,36.25,14.72,40.00,41.00,43.00,NAO,24.90,21.76,8.79,24.80,24.90,24.90,NAO,61.00,51.75,20.98,58.00,60.00,61.00,NAO,0.0000,0.0000,0.0000
2025-10-08,11:40:00,44.00,41.75,1.75,40.00,42.00,44.00,NAO,24.90,24.87,0.05,24.90,24.90,24.90,NAO,62.00,59.50,2.00,58.00,60.00,61.00,NAO,0.0000,0.0000,0.0000
2025-10-08,11:45:00,43.00,42.13,1.64,41.00,43.00,44.00,NAO,25.00,24.89,0.06,24.90,24.90,24.90,SIM,64.00,60.50,2.00,60.00,61.00,62.00,NAO,0.0000,0.0000,0.0000
2025-10-08,11:50:00,42.00,42.38,1.41,42.00,43.00,44.00,NAO,25.00,24.90,0.08,24.90,24.90,25.00,NAO,64.00,61.00,2.33,60.00,61.00,64.00,NAO,0.0000,0.0000,0.0000
2025-10-08,11:55:00,41.00,42.50,1.20,42.00,43.00,44.00,NAO,25.10,24.92,0.10,24.90,24.90,25.00,NAO,69.00,62.38,3.34,61.00,62.00,64.00,SIM,0.0000,0.0000,0.0000
2025-10-08,12:00:00,41.00,42.50,1.20,42.00,43.00,44.00,NAO,25.10,24.95,0.12,24.90,25.00,25.10,NAO,65.00,63.00,3.30,61.00,64.00,65.00,NAO,-0.1867,0.8018,0.2309
2025-10-08,12:05:00,41.00,42.38,1.30,41.00,43.00,44.00,NAO,25.10,24.99,0.11,24.90,25.00,25.10,NAO,65.00,63.88,2.64,62.00,64.00,65.00,NAO,-0.1867,0.8018,0.2309
2025-10-08,12:10:00,41.00,42.13,1.36,41.00,42.00,44.00,NAO,25.20,25.04,0.11,25.00,25.10,25.10,NAO,70.00,65.00,3.12,64.00,65.00,69.00,NAO,-0.1867,0.8018,0.2309
2025-10-08,12:15:00,42.00,41.88,1.13,41.00,42.00,43.00,NAO,25.20,25.07,0.10,25.00,25.10,25.20,NAO,70.00,66.12,3.09,64.00,65.00,70.00,NAO,-0.1867,0.8018,0.2309
2025-10-08,12:20:00,43.00,41.75,0.89,41.00,42.00,43.00,NAO,25.20,25.11,0.08,25.10,25.10,25.20,NAO,70.00,67.12,2.85,65.00,69.00,70.00,NAO,-0.1867,0.8018,0.2309
2025-10-08,12:25:00,44.00,41.88,1.13,41.00,42.00,43.00,NAO,25.20,25.14,0.08,25.10,25.20,25.20,NAO,69.00,67.75,2.60,65.00,69.00,70.00,NAO,-0.1867,0.8018,0.2309
2025-10-08,12:30:00,45.00,42.25,1.58,41.00,42.00,44.00,NAO,25.20,25.16,0.05,25.10,25.20,25.20,NAO,69.00,68.37,2.13,69.00,69.00,70.00,NAO,-0.1867,0.8018,0.2309
2025-10-08,12:35:00,45.00,42.75,1.75,41.00,43.00,45.00,NAO,25.20,25.17,0.05,25.20,25.20,25.20,NAO,70.00,68.50,2.20,69.00,70.00,70.00,NAO,-0.1867,0.8018,0.2309
2025-10-08,12:40:00,46.00,43.38,1.92,42.00,44.00,45.00,NAO,25.20,25.19,0.04,25.20,25.20,25.20,NAO,69.00,69.00,1.69,69.00,70.00,70.00,NAO,-0.1867,0.8018,0.2309
2025-10-08,12:45:00,46.00,44.00,1.85,43.00,45.00,46.00,NAO,25.20,25.20,0.01,25.20,25.20,25.20,NAO,71.00,69.75,0.71,69.00,70.00,70.00,NAO,-0.1867,0.8018,0.2309
2025-10-08,12:50:00,46.00,44.63,1.51,44.00,45.00,46.00,NAO,25.20,25.20,0.01,25.20,25.20,25.20,NAO,67.00,69.37,1.19,69.00,70.00,70.00,SIM,-0.1867,0.8018,0.2309
2025-10-08,12:55:00,46.00,45.13,1.13,45.00,46.00,46.00,NAO,25.20,25.20,0.01,25.20,25.20,25.20,NAO,70.00,69.37,1.19,69.00,70.00,70.00,NAO,-0.1867,0.8018,0.2309
2025-10-08,13:00:00,47.00,45.63,0.92,45.00,46.00,46.00,NAO,25.20,25.20,0.01,25.20,25.20,25.20,NAO,70.00,69.37,1.19,69.00,70.00,70.00,NAO,0.4718,0.7519,0.2983
2025-10-08,13:05:00,47.00,46.00,0.76,46.00,46.00,47.00,NAO,25.20,25.20,0.01,25.20,25.20,25.20,NAO,71.00,69.62,1.30,69.00,70.00,71.00,NAO,0.4718,0.7519,0.2983
2025-10-08,13:10:00,47.00,46.25,0.71,46.00,46.00,47.00,NAO,25.20,25.20,0.01,25.20,25.20,25.20,NAO,71.00,69.87,1.36,70.00,70.00,71.00,NAO,0.4718,0.7519,0.2983
2025-10-08,13:15:00,47.00,46.50,0.53,46.00,47.00,47.00,NAO,25.20,25.20,0.01,25.20,25.20,25.20,NAO,72.00,70.12,1.55,70.00,71.00,71.00,NAO,0.4718,0.7519,0.2983
2025-10-08,13:20:00,47.00,46.63,0.52,46.00,47.00,47.00,NAO,25.20,25.20,0.01,25.20,25.20,25.20,NAO,72.00,70.50,1.60,70.00,71.00,72.00,NAO,0.4718,0.7519,0.2983
2025-10-08,13:25:00,47.00,46.75,0.46,47.00,47.00,47.00,NAO,25.20,25.20,0.01,25.20,25.20,25.20,NAO,70.00,70.37,1.60,70.00,71.00,72.00,NAO,0.4718,0.7519,0.2983
2025-10-08,13:30:00,47.00,46.88,0.35,47.00,47.00,47.00,NAO,25.20,25.20,0.01,25.20,25.20,25.20,NAO,69.00,70.62,1.06,70.00,71.00,72.00,NAO,0.4718,0.7519,0.2983
2025-10-08,13:35:00,47.00,47.00,0.00,47.00,47.00,47.00,NAO,25.30,25.21,0.04,25.20,25.20,25.20,SIM,70.00,70.62,1.06,70.00,71.00,72.00,NAO,0.4718,0.7519,0.2983
2025-10-08,13:40:00,46.00,46.88,0.35,47.00,47.00,47.00,SIM,25.30,25.22,0.05,25.20,25.20,25.30,NAO,71.00,70.75,1.04,70.00,71.00,72.00,NAO,0.4718,0.7519,0.2983
2025-10-08,13:45:00,46.00,46.75,0.46,47.00,47.00,47.00,SIM,25.30,25.24,0.05,25.20,25.20,25.30,NAO,70.00,70.62,1.06,70.00,71.00,72.00,NAO,0.4718,0.7519,0.2983
2025-10-08,13:50:00,46.00,46.63,0.52,46.00,47.00,47.00,NAO,25.30,25.25,0.05,25.20,25.30,25.30,NAO,72.00,70.75,1.16,70.00,71.00,72.00,NAO,0.4718,0.7519,0.2983
2025-10-08,13:55:00,46.00,46.50,0.53,46.00,47.00,47.00,NAO,25.30,25.26,0.05,25.20,25.30,25.30,NAO,70.00,70.50,1.07,70.00,70.00,72.00,NAO,0.4718,0.7519,0.2983
2025-10-08,14:00:00,46.00,46.38,0.52,46.00,46.00,47.00,NAO,25.30,25.27,0.05,25.30,25.30,25.30,NAO,73.00,70.62,1.30,70.00,70.00,72.00,NAO,-0.8597,0.0768,-0.2148
2025-10-08,14:05:00,46.00,46.25,0.46,46.00,46.00,47.00,NAO,25.40,25.30,0.05,25.30,25.30,25.30,SIM,73.00,71.00,1.51,70.00,71.00,73.00,NAO,-0.8597,0.0768,-0.2148
2025-10-08,14:10:00,46.00,46.13,0.35,46.00,46.00,46.00,NAO,25.40,25.32,0.04,25.30,25.30,25.40,NAO,73.00,71.50,1.41,70.00,72.00,73.00,NAO,-0.8597,0.0768,-0.2148
2025-10-08,14:15:00,46.00,46.00,0.00,46.00,46.00,46.00,NAO,25.40,25.34,0.05,25.30,25.30,25.40,NAO,75.00,72.12,1.73,71.00,73.00,73.00,NAO,-0.8597,0.0768,-0.2148
2025-10-08,14:20:00,46.00,46.00,0.00,46.00,46.00,46.00,NAO,25.40,25.35,0.05,25.30,25.40,25.40,NAO,72.00,72.25,1.67,72.00,73.00,73.00,NAO,-0.8597,0.0768,-0.2148
2025-10-08,14:25:00,45.00,45.88,0.35,46.00,46.00,46.00,SIM,25.40,25.36,0.05,25.30,25.40,25.40,NAO,73.00,72.62,1.41,72.00,73.00,73.00,NAO,-0.8597,0.0768,-0.2148
2025-10-08,14:30:00,45.00,45.75,0.46,46.00,46.00,46.00,SIM,25.50,25.39,0.06,25.40,25.40,25.40,SIM,72.00,72.62,1.41,72.00,73.00,73.00,NAO,-0.8597,0.0768,-0.2148
2025-10-08,14:35:00,45.00,45.63,0.52,45.00,46.00,46.00,NAO,25.50,25.41,0.06,25.40,25.40,25.50,NAO,74.00,73.12,0.99,73.00,73.00,74.00,NAO,-0.8597,0.0768,-0.2148
2025-10-08,14:40:00,45.00,45.50,0.53,45.00,46.00,46.00,NAO,25.60,25.45,0.08,25.40,25.40,25.50,NAO,74.00,73.25,1.04,73.00,73.00,74.00,NAO,-0.8597,0.0768,-0.2148
2025-10-08,14:45:00,45.00,45.38,0.52,45.00,45.00,46.00,NAO,25.60,25.47,0.09,25.40,25.50,25.60,NAO,72.00,73.12,1.13,72.00,73.00,74.00,NAO,-0.8597,0.0768,-0.2148
2025-10-08,14:50:00,45.00,45.25,0.46,45.00,45.00,46.00,NAO,25.60,25.50,0.09,25.40,25.50,25.60,NAO,77.00,73.62,1.77,72.00,74.00,75.00,NAO,-0.8597,0.0768,-0.2148
2025-10-08,14:55:00,45.00,45.13,0.35,45.00,45.00,45.00,NAO,25.60,25.52,0.09,25.50,25.60,25.60,NAO,74.00,73.50,1.69,72.00,74.00,74.00,NAO,-0.8597,0.0768,-0.2148
2025-10-08,15:00:00,45.00,45.00,0.00,45.00,45.00,45.00,NAO,25.60,25.55,0.08,25.50,25.60,25.60,NAO,73.00,73.62,1.60,73.00,74.00,74.00,NAO,-0.7884,0.2659,-0.1277
2025-10-08,15:05:00,45.00,45.00,0.00,45.00,45.00,45.00,NAO,25.60,25.57,0.05,25.60,25.60,25.60,NAO,74.00,73.75,1.58,73.00,74.00,74.00,NAO,-0.7884,0.2659,-0.1277
2025-10-08,15:10:00,45.00,45.00,0.00,45.00,45.00,45.00,NAO,25.70,25.60,0.05,25.60,25.60,25.60,SIM,74.00,74.00,1.41,74.00,74.00,74.00,NAO,-0.7884,0.2659,-0.1277
2025-10-08,15:15:00,45.00,45.00,0.00,45.00,45.00,45.00,NAO,25.70,25.63,0.04,25.60,25.60,25.70,NAO,74.00,74.00,1.41,74.00,74.00,74.00,NAO,-0.7884,0.2659,-0.1277
2025-10-08,15:20:00,45.00,45.00,0.00,45.00,45.00,45.00,NAO,25.70,25.64,0.05,25.60,25.60,25.70,NAO,75.00,74.12,1.46,74.00,74.00,75.00,NAO,-0.7884,0.2659,-0.1277
2025-10-08,15:25:00,45.00,45.00,0.00,45.00,45.00,45.00,NAO,25.80,25.66,0.07,25.60,25.70,25.70,NAO,75.00,74.50,1.20,74.00,74.00,75.00,NAO,-0.7884,0.2659,-0.1277
2025-10-08,15:30:00,45.00,45.00,0.00,45.00,45.00,45.00,NAO,25.80,25.69,0.08,25.60,25.70,25.80,NAO,74.00,74.12,0.64,74.00,74.00,75.00,NAO,-0.7884,0.2659,-0.1277
2025-10-08,15:35:00,45.00,45.00,0.00,45.00,45.00,45.00,NAO,25.80,25.71,0.08,25.70,25.70,25.80,NAO,75.00,74.25,0.71,74.00,74.00,75.00,NAO,-0.7884,0.2659,-0.1277
2025-10-08,15:40:00,45.00,45.00,0.00,45.00,45.00,45.00,NAO,25.80,25.74,0.07,25.70,25.80,25.80,NAO,73.00,74.25,0.71,74.00,74.00,75.00,NAO,-0.7884,0.2659,-0.1277
2025-10-08,15:45:00,45.00,45.00,0.00,45.00,45.00,45.00,NAO,25.80,25.76,0.05,25.70,25.80,25.80,NAO,73.00,74.12,0.83,74.00,74.00,75.00,NAO,-0.7884,0.2659,-0.1277
2025-10-08,15:50:00,45.00,45.00,0.00,45.00,45.00,45.00,NAO,25.80,25.78,0.04,25.80,25.80,25.80,NAO,74.00,74.12,0.83,74.00,74.00,75.00,NAO,-0.7884,0.2659,-0.1277
2025-10-08,15:55:00,45.00,45.00,0.00,45.00,45.00,45.00,NAO,25.70,25.78,0.04,25.80,25.80,25.80,SIM,73.00,74.00,0.93,73.00,74.00,75.00,NAO,-0.7884,0.2659,-0.1277
2025-10-08,16:00:00,45.00,45.00,0.00,45.00,45.00,45.00,NAO,25.70,25.78,0.04,25.80,25.80,25.80,SIM,75.00,74.00,0.93,73.00,74.00,75.00,NAO,0.0000,-0.0762,0.0000
2025-10-08,16:05:00,45.00,45.00,0.00,45.00,45.00,45.00,NAO,25.70,25.76,0.05,25.70,25.80,25.80,NAO,75.00,74.00,0.93,73.00,74.00,75.00,NAO,0.0000,-0.0762,0.0000
2025-10-08,16:10:00,45.00,45.00,0.00,45.00,45.00,45.00,NAO,25.70,25.75,0.05,25.70,25.80,25.80,NAO,74.00,74.00,0.93,73.00,74.00,75.00,NAO,0.0000,-0.0762,0.0000
2025-10-08,16:15:00,45.00,45.00,0.00,45.00,45.00,45.00,NAO,25.70,25.74,0.05,25.70,25.70,25.80,NAO,74.00,73.87,0.83,73.00,74.00,75.00,NAO,0.0000,-0.0762,0.0000
2025-10-08,16:20:00,45.00,45.00,0.00,45.00,45.00,45.00,NAO,25.80,25.74,0.05,25.70,25.70,25.80,NAO,76.00,74.25,1.04,74.00,74.00,75.00,NAO,0.0000,-0.0762,0.0000
2025-10-08,16:25:00,45.00,45.00,0.00,45.00,45.00,45.00,NAO,25.80,25.74,0.05,25.70,25.70,25.80,NAO,75.00,74.50,0.93,74.00,75.00,75.00,NAO,0.0000,-0.0762,0.0000
2025-10-08,16:30:00,45.00,45.00,0.00,45.00,45.00,45.00,NAO,25.80,25.74,0.05,25.70,25.70,25.80,NAO,75.00,74.62,0.92,74.00,75.00,75.00,NAO,0.0000,-0.0762,0.0000
2025-10-08,16:35:00,45.00,45.00,0.00,45.00,45.00,45.00,NAO,25.80,25.75,0.05,25.70,25.80,25.80,NAO,74.00,74.75,0.71,74.00,75.00,75.00,NAO,0.0000,-0.0762,0.0000
2025-10-08,16:40:00,45.00,45.00,0.00,45.00,45.00,45.00,NAO,25.80,25.76,0.05,25.70,25.80,25.80,NAO,74.00,74.62,0.74,74.00,75.00,75.00,NAO,0.0000,-0.0762,0.0000
2025-10-08,16:45:00,45.00,45.00,0.00,45.00,45.00,45.00,NAO,25.80,25.77,0.05,25.80,25.80,25.80,NAO,74.00,74.50,0.76,74.00,74.00,75.00,NAO,0.0000,-0.0762,0.0000
2025-10-08,16:50:00,45.00,45.00,0.00,45.00,45.00,45.00,NAO,25.80,25.79,0.03,25.80,25.80,25.80,NAO,75.00,74.62,0.74,74.00,75.00,75.00,NAO,0.0000,-0.0762,0.0000
2025-10-08,16:55:00,45.00,45.00,0.00,45.00,45.00,45.00,NAO,25.80,25.80,nan,25.80,25.80,25.80,NAO,76.00,74.87,0.83,74.00,75.00,76.00,NAO,0.0000,-0.0762,0.0000
2025-10-08,17:00:00,45.00,45.00,0.00,45.00,45.00,45.00,NAO,25.80,25.80,nan,25.80,25.80,25.80,NAO,75.00,74.75,0.71,74.00,75.00,75.00,NAO,0.0000,0.3334,0.0000
2025-10-08,17:05:00,45.00,45.00,0.00,45.00,45.00,45.00,NAO,25.80,25.80,nan,25.80,25.80,25.80,NAO,76.00,74.87,0.83,74.00,75.00,76.00,NAO,0.0000,0.3334,0.0000
2025-10-08,17:10:00,45.00,45.00,0.00,45.00,45.00,45.00,NAO,25.80,25.80,nan,25.80,25.80,25.80,NAO,77.00,75.12,1.13,74.00,75.00,76.00,NAO,0.0000,0.3334,0.0000
2025-10-08,17:15:00,45.00,45.00,0.00,45.00,45.00,45.00,NAO,25.80,25.80,nan,25.80,25.80,25.80,NAO,75.00,75.25,1.04,75.00,75.00,76.00,NAO,0.0000,0.3334,0.0000
2025-10-08,17:20:00,45.00,45.00,0.00,45.00,45.00,45.00,NAO,25.80,25.80,nan,25.80,25.80,25.80,NAO,77.00,75.62,1.06,75.00,76.00,77.00,NAO,0.0000,0.3334,0.0000
2025-10-08,17:25:00,45.00,45.00,0.00,45.00,45.00,45.00,NAO,25.80,25.80,nan,25.80,25.80,25.80,NAO,75.00,75.75,0.89,75.00,76.00,77.00,NAO,0.0000,0.3334,0.0000
2025-10-08,17:30:00,45.00,45.00,0.00,45.00,45.00,45.00,NAO,25.80,25.80,nan,25.80,25.80,25.80,NAO,75.00,75.75,0.89,75.00,76.00,77.00,NAO,0.0000,0.3334,0.0000
2025-10-08,17:35:00,45.00,45.00,0.00,45.00,45.00,45.00,NAO,25.80,25.80,nan,25.80,25.80,25.80,NAO,77.00,75.87,0.99,75.00,76.00,77.00,NAO,0.0000,0.3334,0.0000
2025-10-08,17:40:00,45.00,45.00,0.00,45.00,45.00,45.00,NAO,25.80,25.80,nan,25.80,25.80,25.80,NAO,77.00,76.12,0.99,75.00,77.00,77.00,NAO,0.0000,0.3334,0.0000
2025-10-08,17:45:00,45.00,45.00,0.00,45.00,45.00,45.00,NAO,25.80,25.80,nan,25.80,25.80,25.80,NAO,77.00,76.25,1.04,75.00,77.00,77.00,NAO,0.0000,0.3334,0.0000
2025-10-08,17:50:00,45.00,45.00,0.00,45.00,45.00,45.00,NAO,25.90,25.81,0.03,25.80,25.80,25.80,SIM,77.00,76.25,1.04,75.00,77.00,77.00,NAO,0.0000,0.3334,0.0000
2025-10-08,17:55:00,45.00,45.00,0.00,45.00,45.00,45.00,NAO,25.90,25.82,0.05,25.80,25.80,25.90,NAO,76.00,76.37,0.92,76.00,77.00,77.00,NAO,0.0000,0.3334,0.0000
2025-10-08,18:00:00,45.00,45.00,0.00,45.00,45.00,45.00,NAO,25.90,25.84,0.05,25.80,25.80,25.90,NAO,76.00,76.25,0.89,76.00,77.00,77.00,NAO,0.0000,0.0601,0.0000
2025-10-08,18:05:00,45.00,45.00,0.00,45.00,45.00,45.00,NAO,25.90,25.85,0.05,25.80,25.90,25.90,NAO,78.00,76.62,0.92,76.00,77.00,77.00,NAO,0.0000,0.0601,0.0000
2025-10-08,18:10:00,45.00,45.00,0.00,45.00,45.00,45.00,NAO,25.90,25.86,0.05,25.80,25.90,25.90,NAO,77.00,76.87,0.64,77.00,77.00,77.00,NAO,0.0000,0.0601,0.0000
2025-10-08,18:15:00,45.00,45.00,0.00,45.00,45.00,45.00,NAO,25.90,25.87,0.05,25.90,25.90,25.90,NAO,78.00,77.00,0.76,77.00,77.00,78.00,NAO,0.0000,0.0601,0.0000
2025-10-08,18:20:00,45.00,45.00,0.00,45.00,45.00,45.00,NAO,25.90,25.89,0.04,25.90,25.90,25.90,NAO,77.00,77.00,0.76,77.00,77.00,78.00,NAO,0.0000,0.0601,0.0000
2025-10-08,18:25:00,45.00,45.00,0.00,45.00,45.00,45.00,NAO,25.80,25.89,0.04,25.90,25.90,25.90,SIM,79.00,77.25,1.04,77.00,77.00,78.00,NAO,0.0000,0.0601,0.0000
2025-10-08,18:30:00,45.00,45.00,0.00,45.00,45.00,45.00,NAO,25.80,25.87,0.05,25.90,25.90,25.90,SIM,77.00,77.25,1.04,77.00,77.00,78.00,NAO,0.0000,0.0601,0.0000
2025-10-08,18:35:00,45.00,45.00,0.00,45.00,45.00,45.00,NAO,25.80,25.86,0.05,25.80,25.90,25.90,NAO,77.00,77.37,0.92,77.00,77.00,78.00,NAO,0.0000,0.0601,0.0000
2025-10-08,18:40:00,45.00,45.00,0.00,45.00,45.00,45.00,NAO,25.80,25.85,0.05,25.80,25.90,25.90,NAO,77.00,77.50,0.76,77.00,77.00,78.00,NAO,0.0000,0.0601,0.0000
2025-10-08,18:45:00,45.00,45.00,0.00,45.00,45.00,45.00,NAO,25.80,25.84,0.05,25.80,25.80,25.90,NAO,77.00,77.37,0.74,77.00,77.00,78.00,NAO,0.0000,0.0601,0.0000
2025-10-08,18:50:00,45.00,45.00,0.00,45.00,45.00,45.00,NAO,25.80,25.82,0.05,25.80,25.80,25.90,NAO,77.00,77.37,0.74,77.00,77.00,78.00,NAO,0.0000,0.0601,0.0000
2025-10-08,18:55:00,45.00,45.00,0.00,45.00,45.00,45.00,NAO,25.80,25.81,0.03,25.80,25.80,25.80,NAO,77.00,77.25,0.71,77.00,77.00,77.00,NAO,0.0000,0.0601,0.0000
2025-10-08,19:00:00,45.00,45.00,0.00,45.00,45.00,45.00,NAO,25.80,25.80,nan,25.80,25.80,25.80,NAO,77.00,77.25,0.71,77.00,77.00,77.00,NAO,0.0000,0.1852,0.0000
2025-10-08,19:05:00,45.00,45.00,0.00,45.00,45.00,45.00,NAO,25.80,25.80,nan,25.80,25.80,25.80,NAO,78.00,77.12,0.35,77.00,77.00,77.00,SIM,0.0000,0.1852,0.0000
2025-10-08,19:10:00,45.00,45.00,0.00,45.00,45.00,45.00,NAO,25.90,25.81,0.03,25.80,25.80,25.80,SIM,78.00,77.25,0.46,77.00,77.00,78.00,NAO,0.0000,0.1852,0.0000
2025-10-08,19:15:00,46.00,45.13,0.35,45.00,45.00,45.00,SIM,25.90,25.82,0.05,25.80,25.80,25.90,NAO,79.00,77.50,0.76,77.00,77.00,78.00,NAO,0.0000,0.1852,0.0000
2025-10-08,19:20:00,46.00,45.25,0.46,45.00,45.00,46.00,NAO,25.90,25.84,0.05,25.80,25.80,25.90,NAO,78.00,77.62,0.74,77.00,78.00,78.00,NAO,0.0000,0.1852,0.0000
2025-10-08,19:25:00,46.00,45.38,0.52,45.00,45.00,46.00,NAO,25.90,25.85,0.05,25.80,25.90,25.90,NAO,77.00,77.62,0.74,77.00,78.00,78.00,NAO,0.0000,0.1852,0.0000
2025-10-08,19:30:00,46.00,45.50,0.53,45.00,46.00,46.00,NAO,25.90,25.86,0.05,25.80,25.90,25.90,NAO,78.00,77.75,0.71,77.00,78.00,78.00,NAO,0.0000,0.1852,0.0000
2025-10-08,19:35:00,46.00,45.63,0.52,45.00,46.00,46.00,NAO,25.80,25.86,0.05,25.80,25.90,25.90,NAO,78.00,77.87,0.64,78.00,78.00,78.00,NAO,0.0000,0.1852,0.0000
2025-10-08,19:40:00,46.00,45.75,0.46,46.00,46.00,46.00,NAO,25.80,25.86,0.05,25.80,25.90,25.90,NAO,78.00,78.00,0.53,78.00,78.00,78.00,NAO,0.0000,0.1852,0.0000
2025-10-08,19:45:00,46.00,45.88,0.35,46.00,46.00,46.00,NAO,25.80,25.86,0.05,25.80,25.90,25.90,NAO,79.00,78.12,0.64,78.00,78.00,79.00,NAO,0.0000,0.1852,0.0000
2025-10-08,19:50:00,46.00,46.00,0.00,46.00,46.00,46.00,NAO,25.80,25.85,0.05,25.80,25.90,25.90,NAO,78.00,78.12,0.64,78.00,78.00,79.00,NAO,0.0000,0.1852,0.0000
2025-10-08,19:55:00,46.00,46.00,0.00,46.00,46.00,46.00,NAO,25.80,25.84,0.05,25.80,25.80,25.90,NAO,77.00,77.87,0.64,78.00,78.00,78.00,SIM,0.0000,0.1852,0.0000
2025-10-08,20:00:00,46.00,46.00,0.00,46.00,46.00,46.00,NAO,25.80,25.82,0.05,25.80,25.80,25.90,NAO,79.00,78.00,0.76,78.00,78.00,79.00,NAO,-0.0742,-0.1063,0.0582
2025-10-08,20:05:00,47.00,46.13,0.35,46.00,46.00,46.00,SIM,25.80,25.81,0.04,25.80,25.80,25.80,NAO,79.00,78.25,0.71,78.00,78.00,79.00,NAO,-0.0742,-0.1063,0.0582
2025-10-08,20:10:00,47.00,46.25,0.46,46.00,46.00,47.00,NAO,25.70,25.79,0.03,25.80,25.80,25.80,SIM,79.00,78.37,0.74,78.00,79.00,79.00,NAO,-0.0742,-0.1063,0.0582
2025-10-08,20:15:00,47.00,46.38,0.52,46.00,46.00,47.00,NAO,25.70,25.77,0.05,25.80,25.80,25.80,SIM,79.00,78.50,0.76,78.00,79.00,79.00,NAO,-0.0742,-0.1063,0.0582
2025-10-08,20:20:00,47.00,46.50,0.53,46.00,47.00,47.00,NAO,25.70,25.76,0.05,25.70,25.80,25.80,NAO,77.00,78.37,0.92,78.00,79.00,79.00,NAO,-0.0742,-0.1063,0.0582
2025-10-08,20:25:00,47.00,46.63,0.52,46.00,47.00,47.00,NAO,25.70,25.75,0.05,25.70,25.80,25.80,NAO,77.00,78.12,0.99,77.00,79.00,79.00,NAO,-0.0742,-0.1063,0.0582
2025-10-08,20:30:00,47.00,46.75,0.46,47.00,47.00,47.00,NAO,25.70,25.74,0.05,25.70,25.70,25.80,NAO,78.00,78.12,0.99,77.00,79.00,79.00,NAO,-0.0742,-0.1063,0.0582
2025-10-08,20:35:00,47.00,46.88,0.35,47.00,47.00,47.00,NAO,25.70,25.72,0.05,25.70,25.70,25.80,NAO,78.00,78.25,0.89,78.00,79.00,79.00,NAO,-0.0742,-0.1063,0.0582
2025-10-08,20:40:00,47.00,47.00,0.00,47.00,47.00,47.00,NAO,25.70,25.71,0.04,25.70,25.70,25.70,NAO,78.00,78.12,0.83,78.00,78.00,79.00,NAO,-0.0742,-0.1063,0.0582
2025-10-08,20:45:00,47.00,47.00,0.00,47.00,47.00,47.00,NAO,25.70,25.70,0.01,25.70,25.70,25.70,NAO,77.00,77.87,0.83,77.00,78.00,79.00,NAO,-0.0742,-0.1063,0.0582
2025-10-08,20:50:00,47.00,47.00,0.00,47.00,47.00,47.00,NAO,25.70,25.70,0.01,25.70,25.70,25.70,NAO,79.00,77.87,0.83,77.00,78.00,79.00,NAO,-0.0742,-0.1063,0.0582
2025-10-08,20:55:00,47.00,47.00,0.00,47.00,47.00,47.00,NAO,25.70,25.70,0.01,25.70,25.70,25.70,NAO,78.00,77.75,0.71,77.00,78.00,78.00,NAO,-0.0742,-0.1063,0.0582
2025-10-08,21:00:00,47.00,47.00,0.00,47.00,47.00,47.00,NAO,25.70,25.70,0.01,25.70,25.70,25.70,NAO,79.00,78.00,0.76,78.00,78.00,79.00,NAO,0.0000,0.2949,0.0000
2025-10-08,21:05:00,47.00,47.00,0.00,47.00,47.00,47.00,NAO,25.70,25.70,0.01,25.70,25.70,25.70,NAO,79.00,78.25,0.71,78.00,78.00,79.00,NAO,0.0000,0.2949,0.0000
2025-10-08,21:10:00,47.00,47.00,0.00,47.00,47.00,47.00,NAO,25.70,25.70,0.01,25.70,25.70,25.70,NAO,81.00,78.62,1.19,78.00,79.00,79.00,SIM,0.0000,0.2949,0.0000
2025-10-08,21:15:00,47.00,47.00,0.00,47.00,47.00,47.00,NAO,25.70,25.70,0.01,25.70,25.70,25.70,NAO,79.00,78.75,1.16,78.00,79.00,79.00,NAO,0.0000,0.2949,0.0000
2025-10-08,21:20:00,47.00,47.00,0.00,47.00,47.00,47.00,NAO,25.60,25.69,0.04,25.70,25.70,25.70,SIM,79.00,78.87,1.13,79.00,79.00,79.00,NAO,0.0000,0.2949,0.0000
2025-10-08,21:25:00,47.00,47.00,0.00,47.00,47.00,47.00,NAO,25.60,25.67,0.05,25.70,25.70,25.70,SIM,78.00,79.00,0.93,79.00,79.00,79.00,SIM,0.0000,0.2949,0.0000
2025-10-08,21:30:00,47.00,47.00,0.00,47.00,47.00,47.00,NAO,25.60,25.66,0.05,25.60,25.70,25.70,NAO,78.00,78.87,0.99,78.00,79.00,79.00,NAO,0.0000,0.2949,0.0000
2025-10-08,21:35:00,47.00,47.00,0.00,47.00,47.00,47.00,NAO,25.60,25.65,0.05,25.60,25.70,25.70,NAO,78.00,78.87,0.99,78.00,79.00,79.00,NAO,0.0000,0.2949,0.0000
2025-10-08,21:40:00,47.00,47.00,0.00,47.00,47.00,47.00,NAO,25.60,25.64,0.05,25.60,25.60,25.70,NAO,79.00,78.87,0.99,78.00,79.00,79.00,NAO,0.0000,0.2949,0.0000
2025-10-08,21:45:00,48.00,47.13,0.35,47.00,47.00,47.00,SIM,25.60,25.63,0.04,25.60,25.60,25.70,NAO,80.00,79.00,1.07,78.00,79.00,80.00,NAO,0.0000,0.2949,0.0000
2025-10-08,21:50:00,48.00,47.25,0.46,47.00,47.00,48.00,NAO,25.60,25.61,0.03,25.60,25.60,25.60,NAO,79.00,78.75,0.71,78.00,79.00,79.00,NAO,0.0000,0.2949,0.0000
2025-10-08,21:55:00,48.00,47.38,0.52,47.00,47.00,48.00,NAO,25.60,25.60,nan,25.60,25.60,25.60,NAO,78.00,78.62,0.74,78.00,79.00,79.00,NAO,0.0000,0.2949,0.0000
2025-10-08,22:00:00,48.00,47.50,0.53,47.00,48.00,48.00,NAO,25.60,25.60,nan,25.60,25.60,25.60,NAO,79.00,78.62,0.74,78.00,79.00,79.00,NAO,-0.4254,0.5196,0.0684
2025-10-08,22:05:00,48.00,47.63,0.52,47.00,48.00,48.00,NAO,25.60,25.60,nan,25.60,25.60,25.60,NAO,79.00,78.75,0.71,78.00,79.00,79.00,NAO,-0.4254,0.5196,0.0684
2025-10-08,22:10:00,48.00,47.75,0.46,48.00,48.00,48.00,NAO,25.50,25.59,0.03,25.60,25.60,25.60,SIM,80.00,79.00,0.76,79.00,79.00,80.00,NAO,-0.4254,0.5196,0.0684
2025-10-08,22:15:00,48.00,47.88,0.35,48.00,48.00,48.00,NAO,25.50,25.57,0.05,25.60,25.60,25.60,SIM,78.00,79.00,0.76,79.00,79.00,80.00,NAO,-0.4254,0.5196,0.0684
2025-10-08,22:20:00,48.00,48.00,0.00,48.00,48.00,48.00,NAO,25.50,25.56,0.05,25.50,25.60,25.60,NAO,78.00,78.87,0.83,78.00,79.00,80.00,NAO,-0.4254,0.5196,0.0684
2025-10-08,22:25:00,48.00,48.00,0.00,48.00,48.00,48.00,NAO,25.50,25.55,0.05,25.50,25.60,25.60,NAO,78.00,78.62,0.74,78.00,79.00,79.00,NAO,-0.4254,0.5196,0.0684
2025-10-08,22:30:00,48.00,48.00,0.00,48.00,48.00,48.00,NAO,25.50,25.54,0.05,25.50,25.50,25.60,NAO,79.00,78.62,0.74,78.00,79.00,79.00,NAO,-0.4254,0.5196,0.0684
2025-10-08,22:35:00,48.00,48.00,0.00,48.00,48.00,48.00,NAO,25.50,25.52,0.05,25.50,25.50,25.60,NAO,79.00,78.75,0.71,78.00,79.00,79.00,NAO,-0.4254,0.5196,0.0684
2025-10-08,22:40:00,48.00,48.00,0.00,48.00,48.00,48.00,NAO,25.50,25.51,0.04,25.50,25.50,25.50,NAO,78.00,78.62,0.74,78.00,79.00,79.00,NAO,-0.4254,0.5196,0.0684
2025-10-08,22:45:00,48.00,48.00,0.00,48.00,48.00,48.00,NAO,25.50,25.50,0.00,25.50,25.50,25.50,NAO,78.00,78.50,0.76,78.00,78.00,79.00,NAO,-0.4254,0.5196,0.0684
2025-10-08,22:50:00,49.00,48.13,0.35,48.00,48.00,48.00,SIM,25.50,25.50,0.00,25.50,25.50,25.50,NAO,79.00,78.37,0.52,78.00,78.00,79.00,NAO,-0.4254,0.5196,0.0684
2025-10-08,22:55:00,49.00,48.25,0.46,48.00,48.00,49.00,NAO,25.50,25.50,0.00,25.50,25.50,25.50,NAO,78.00,78.37,0.52,78.00,78.00,79.00,NAO,-0.4254,0.5196,0.0684
2025-10-08,23:00:00,49.00,48.38,0.52,48.00,48.00,49.00,NAO,25.50,25.50,0.00,25.50,25.50,25.50,NAO,78.00,78.37,0.52,78.00,78.00,79.00,NAO,-0.1757,0.2239,-0.1491
2025-10-08,23:05:00,49.00,48.50,0.53,48.00,49.00,49.00,NAO,25.50,25.50,0.00,25.50,25.50,25.50,NAO,78.00,78.37,0.52,78.00,78.00,79.00,NAO,-0.1757,0.2239,-0.1491
2025-10-08,23:10:00,48.00,48.50,0.53,48.00,49.00,49.00,NAO,25.50,25.50,0.00,25.50,25.50,25.50,NAO,81.00,78.62,1.06,78.00,78.00,79.00,SIM,-0.1757,0.2239,-0.1491
2025-10-08,23:15:00,48.00,48.50,0.53,48.00,49.00,49.00,NAO,25.50,25.50,0.00,25.50,25.50,25.50,NAO,80.00,78.75,1.16,78.00,78.00,80.00,NAO,-0.1757,0.2239,-0.1491
2025-10-08,23:20:00,48.00,48.50,0.53,48.00,49.00,49.00,NAO,25.50,25.50,0.00,25.50,25.50,25.50,NAO,79.00,78.87,1.13,78.00,79.00,80.00,NAO,-0.1757,0.2239,-0.1491
2025-10-08,23:25:00,48.00,48.50,0.53,48.00,49.00,49.00,NAO,25.40,25.49,0.04,25.50,25.50,25.50,SIM,79.00,79.00,1.07,78.00,79.00,80.00,NAO,-0.1757,0.2239,-0.1491
2025-10-08,23:30:00,48.00,48.38,0.52,48.00,48.00,49.00,NAO,25.40,25.47,0.05,25.50,25.50,25.50,SIM,80.00,79.12,1.13,78.00,79.00,80.00,NAO,-0.1757,0.2239,-0.1491
2025-10-08,23:35:00,48.00,48.25,0.46,48.00,48.00,49.00,NAO,25.40,25.46,0.05,25.40,25.50,25.50,NAO,80.00,79.37,1.06,79.00,80.00,80.00,NAO,-0.1757,0.2239,-0.1491
2025-10-08,23:40:00,49.00,48.25,0.46,48.00,48.00,49.00,NAO,25.40,25.45,0.05,25.40,25.50,25.50,NAO,79.00,79.50,0.93,79.00,80.00,80.00,NAO,-0.1757,0.2239,-0.1491
2025-10-08,23:45:00,49.00,48.25,0.46,48.00,48.00,49.00,NAO,25.40,25.44,0.05,25.40,25.40,25.50,NAO,79.00,79.62,0.74,79.00,80.00,80.00,NAO,-0.1757,0.2239,-0.1491
2025-10-08,23:50:00,49.00,48.38,0.52,48.00,48.00,49.00,NAO,25.40,25.42,0.05,25.40,25.40,25.50,NAO,80.00,79.50,0.53,79.00,80.00,80.00,NAO,-0.1757,0.2239,-0.1491
2025-10-08,23:55:00,49.00,48.50,0.53,48.00,49.00,49.00,NAO,25.40,25.41,0.04,25.40,25.40,25.40,NAO,79.00,79.37,0.52,79.00,79.00,80.00,NAO,-0.1757,0.2239,-0.1491
2025-10-09,00:00:00,49.00,48.63,0.52,48.00,49.00,49.00,NAO,25.40,25.40,0.01,25.40,25.40,25.40,NAO,79.00,79.37,0.52,79.00,79.00,80.00,NAO,-0.3460,0.0710,-0.5488
2025-10-09,00:05:00,49.00,48.75,0.46,49.00,49.00,49.00,NAO,25.40,25.40,0.01,25.40,25.40,25.40,NAO,80.00,79.50,0.53,79.00,80.00,80.00,NAO,-0.3460,0.0710,-0.5488
2025-10-09,00:10:00,49.00,48.88,0.35,49.00,49.00,49.00,NAO,25.40,25.40,0.01,25.40,25.40,25.40,NAO,78.00,79.25,0.71,79.00,79.00,80.00,NAO,-0.3460,0.0710,-0.5488
2025-10-09,00:15:00,49.00,49.00,0.00,49.00,49.00,49.00,NAO,25.40,25.40,0.01,25.40,25.40,25.40,NAO,79.00,79.12,0.64,79.00,79.00,80.00,NAO,-0.3460,0.0710,-0.5488
2025-10-09,00:20:00,49.00,49.00,0.00,49.00,49.00,49.00,NAO,25.30,25.39,0.04,25.40,25.40,25.40,SIM,79.00,79.12,0.64,79.00,79.00,80.00,NAO,-0.3460,0.0710,-0.5488
2025-10-09,00:25:00,49.00,49.00,0.00,49.00,49.00,49.00,NAO,25.30,25.37,0.05,25.40,25.40,25.40,SIM,79.00,79.12,0.64,79.00,79.00,80.00,NAO,-0.3460,0.0710,-0.5488
2025-10-09,00:30:00,49.00,49.00,0.00,49.00,49.00,49.00,NAO,25.30,25.36,0.05,25.30,25.40,25.40,NAO,82.00,79.37,1.19,79.00,79.00,80.00,SIM,-0.3460,0.0710,-0.5488
2025-10-09,00:35:00,50.00,49.13,0.35,49.00,49.00,49.00,SIM,25.30,25.35,0.05,25.30,25.40,25.40,NAO,81.00,79.62,1.30,79.00,79.00,81.00,NAO,-0.3460,0.0710,-0.5488
2025-10-09,00:40:00,50.00,49.25,0.46,49.00,49.00,50.00,NAO,25.30,25.34,0.05,25.30,25.30,25.40,NAO,80.00,79.75,1.28,79.00,80.00,81.00,NAO,-0.3460,0.0710,-0.5488
2025-10-09,00:45:00,50.00,49.38,0.52,49.00,49.00,50.00,NAO,25.30,25.32,0.05,25.30,25.30,25.40,NAO,79.00,79.62,1.30,79.00,79.00,81.00,NAO,-0.3460,0.0710,-0.5488
2025-10-09,00:50:00,50.00,49.50,0.53,49.00,50.00,50.00,NAO,25.30,25.31,0.03,25.30,25.30,25.30,NAO,79.00,79.75,1.16,79.00,79.00,81.00,NAO,-0.3460,0.0710,-0.5488
2025-10-09,00:55:00,50.00,49.63,0.52,49.00,50.00,50.00,NAO,25.30,25.30,nan,25.30,25.30,25.30,NAO,80.00,79.87,1.13,79.00,80.00,81.00,NAO,-0.3460,0.0710,-0.5488
2025-10-09,01:00:00,49.00,49.63,0.52,49.00,50.00,50.00,NAO,25.30,25.30,nan,25.30,25.30,25.30,NAO,81.00,80.12,1.13,79.00,80.00,81.00,NAO,-0.4994,-0.4048,0.0388
2025-10-09,01:05:00,49.00,49.63,0.52,49.00,50.00,50.00,NAO,25.30,25.30,nan,25.30,25.30,25.30,NAO,81.00,80.37,1.06,80.00,81.00,81.00,NAO,-0.4994,-0.4048,0.0388
2025-10-09,01:10:00,49.00,49.63,0.52,49.00,50.00,50.00,NAO,25.30,25.30,nan,25.30,25.30,25.30,NAO,79.00,80.00,0.93,79.00,80.00,81.00,NAO,-0.4994,-0.4048,0.0388
2025-10-09,01:15:00,49.00,49.50,0.53,49.00,50.00,50.00,NAO,25.30,25.30,nan,25.30,25.30,25.30,NAO,79.00,79.75,0.89,79.00,80.00,81.00,NAO,-0.4994,-0.4048,0.0388
2025-10-09,01:20:00,49.00,49.38,0.52,49.00,49.00,50.00,NAO,25.30,25.30,nan,25.30,25.30,25.30,NAO,80.00,79.75,0.89,79.00,80.00,81.00,NAO,-0.4994,-0.4048,0.0388
2025-10-09,01:25:00,49.00,49.25,0.46,49.00,49.00,50.00,NAO,25.30,25.30,nan,25.30,25.30,25.30,NAO,79.00,79.75,0.89,79.00,80.00,81.00,NAO,-0.4994,-0.4048,0.0388
2025-10-09,01:30:00,49.00,49.13,0.35,49.00,49.00,49.00,NAO,25.30,25.30,nan,25.30,25.30,25.30,NAO,80.00,79.87,0.83,79.00,80.00,81.00,NAO,-0.4994,-0.4048,0.0388
2025-10-09,01:35:00,49.00,49.00,0.00,49.00,49.00,49.00,NAO,25.30,25.30,nan,25.30,25.30,25.30,NAO,80.00,79.87,0.83,79.00,80.00,81.00,NAO,-0.4994,-0.4048,0.0388
2025-10-09,01:40:00,49.00,49.00,0.00,49.00,49.00,49.00,NAO,25.30,25.30,nan,25.30,25.30,25.30,NAO,79.00,79.62,0.74,79.00,80.00,80.00,NAO,-0.4994,-0.4048,0.0388
2025-10-09,01:45:00,49.00,49.00,0.00,49.00,49.00,49.00,NAO,25.30,25.30,nan,25.30,25.30,25.30,NAO,80.00,79.50,0.53,79.00,80.00,80.00,NAO,-0.4994,-0.4048,0.0388
2025-10-09,01:50:00,49.00,49.00,0.00,49.00,49.00,49.00,NAO,25.30,25.30,nan,25.30,25.30,25.30,NAO,81.00,79.75,0.71,79.00,80.00,80.00,NAO,-0.4994,-0.4048,0.0388
2025-10-09,01:55:00,49.00,49.00,0.00,49.00,49.00,49.00,NAO,25.30,25.30,nan,25.30,25.30,25.30,NAO,82.00,80.12,0.99,80.00,80.00,81.00,NAO,-0.4994,-0.4048,0.0388
2025-10-09,02:00:00,49.00,49.00,0.00,49.00,49.00,49.00,NAO,25.30,25.30,nan,25.30,25.30,25.30,NAO,81.00,80.25,1.04,80.00,80.00,81.00,NAO,0.0000,nan,0.0000
2025-10-09,02:05:00,49.00,49.00,0.00,49.00,49.00,49.00,NAO,25.30,25.30,nan,25.30,25.30,25.30,NAO,79.00,80.25,1.04,80.00,80.00,81.00,NAO,0.0000,nan,0.0000
2025-10-09,02:10:00,50.00,49.13,0.35,49.00,49.00,49.00,SIM,25.30,25.30,nan,25.30,25.30,25.30,NAO,80.00,80.25,1.04,80.00,80.00,81.00,NAO,0.0000,nan,0.0000
2025-10-09,02:15:00,50.00,49.25,0.46,49.00,49.00,50.00,NAO,25.20,25.29,0.03,25.30,25.30,25.30,SIM,81.00,80.37,1.06,80.00,81.00,81.00,NAO,0.0000,nan,0.0000
2025-10-09,02:20:00,50.00,49.38,0.52,49.00,49.00,50.00,NAO,25.20,25.27,0.05,25.30,25.30,25.30,SIM,79.00,80.37,1.06,80.00,81.00,81.00,NAO,0.0000,nan,0.0000
2025-10-09,02:25:00,50.00,49.50,0.53,49.00,50.00,50.00,NAO,25.20,25.26,0.05,25.20,25.30,25.30,NAO,79.00,80.25,1.16,79.00,81.00,81.00,NAO,0.0000,nan,0.0000
2025-10-09,02:30:00,50.00,49.63,0.52,49.00,50.00,50.00,NAO,25.10,25.24,0.07,25.20,25.30,25.30,NAO,80.00,80.12,1.13,79.00,80.00,81.00,NAO,0.0000,nan,0.0000
2025-10-09,02:35:00,50.00,49.75,0.46,50.00,50.00,50.00,NAO,25.10,25.21,0.08,25.20,25.20,25.30,NAO,80.00,79.87,0.83,79.00,80.00,81.00,NAO,0.0000,nan,0.0000
2025-10-09,02:40:00,50.00,49.88,0.35,50.00,50.00,50.00,NAO,25.20,25.20,0.08,25.20,25.20,25.30,NAO,80.00,79.75,0.71,79.00,80.00,80.00,NAO,0.0000,nan,0.0000
2025-10-09,02:45:00,50.00,50.00,0.00,50.00,50.00,50.00,NAO,25.20,25.19,0.06,25.20,25.20,25.20,NAO,81.00,80.00,0.76,80.00,80.00,81.00,NAO,0.0000,nan,0.0000
2025-10-09,02:50:00,50.00,50.00,0.00,50.00,50.00,50.00,NAO,25.10,25.16,0.05,25.10,25.20,25.20,NAO,80.00,80.00,0.76,80.00,80.00,81.00,NAO,0.0000,nan,0.0000
2025-10-09,02:55:00,50.00,50.00,0.00,50.00,50.00,50.00,NAO,25.10,25.15,0.05,25.10,25.20,25.20,NAO,80.00,79.87,0.64,80.00,80.00,80.00,NAO,0.0000,nan,0.0000
2025-10-09,03:00:00,50.00,50.00,0.00,50.00,50.00,50.00,NAO,25.20,25.15,0.05,25.10,25.20,25.20,NAO,80.00,80.00,0.53,80.00,80.00,80.00,NAO,-0.5173,-0.2283,0.4318
2025-10-09,03:05:00,50.00,50.00,0.00,50.00,50.00,50.00,NAO,25.20,25.15,0.05,25.10,25.20,25.20,NAO,80.00,80.12,0.35,80.00,80.00,80.00,NAO,-0.5173,-0.2283,0.4318
2025-10-09,03:10:00,50.00,50.00,0.00,50.00,50.00,50.00,NAO,25.10,25.15,0.05,25.10,25.20,25.20,NAO,81.00,80.25,0.46,80.00,80.00,81.00,NAO,-0.5173,-0.2283,0.4318
2025-10-09,03:15:00,50.00,50.00,0.00,50.00,50.00,50.00,NAO,25.10,25.15,0.05,25.10,25.20,25.20,NAO,80.00,80.25,0.46,80.00,80.00,81.00,NAO,-0.5173,-0.2283,0.4318
2025-10-09,03:20:00,50.00,50.00,0.00,50.00,50.00,50.00,NAO,25.10,25.14,0.05,25.10,25.10,25.20,NAO,80.00,80.25,0.46,80.00,80.00,81.00,NAO,-0.5173,-0.2283,0.4318
2025-10-09,03:25:00,50.00,50.00,0.00,50.00,50.00,50.00,NAO,25.10,25.12,0.05,25.10,25.10,25.20,NAO,81.00,80.25,0.46,80.00,80.00,81.00,NAO,-0.5173,-0.2283,0.4318
2025-10-09,03:30:00,50.00,50.00,0.00,50.00,50.00,50.00,NAO,25.10,25.12,0.05,25.10,25.10,25.20,NAO,79.00,80.12,0.64,80.00,80.00,81.00,NAO,-0.5173,-0.2283,0.4318
2025-10-09,03:35:00,50.00,50.00,0.00,50.00,50.00,50.00,NAO,25.10,25.12,0.05,25.10,25.10,25.20,NAO,82.00,80.37,0.92,80.00,80.00,81.00,NAO,-0.5173,-0.2283,0.4318
2025-10-09,03:40:00,50.00,50.00,0.00,50.00,50.00,50.00,NAO,25.10,25.11,0.04,25.10,25.10,25.10,NAO,82.00,80.62,1.06,80.00,81.00,82.00,NAO,-0.5173,-0.2283,0.4318
2025-10-09,03:45:00,50.00,50.00,0.00,50.00,50.00,50.00,NAO,25.10,25.10,nan,25.10,25.10,25.10,NAO,80.00,80.62,1.06,80.00,81.00,82.00,NAO,-0.5173,-0.2283,0.4318
2025-10-09,03:50:00,50.00,50.00,0.00,50.00,50.00,50.00,NAO,25.10,25.10,nan,25.10,25.10,25.10,NAO,79.00,80.37,1.19,80.00,80.00,82.00,NAO,-0.5173,-0.2283,0.4318
2025-10-09,03:55:00,50.00,50.00,0.00,50.00,50.00,50.00,NAO,25.10,25.10,nan,25.10,25.10,25.10,NAO,80.00,80.37,1.19,80.00,80.00,82.00,NAO,-0.5173,-0.2283,0.4318
2025-10-09,04:00:00,50.00,50.00,0.00,50.00,50.00,50.00,NAO,25.00,25.09,0.03,25.10,25.10,25.10,SIM,81.00,80.50,1.20,80.00,81.00,82.00,NAO,0.0000,-0.2180,0.0000
2025-10-09,04:05:00,50.00,50.00,0.00,50.00,50.00,50.00,NAO,25.00,25.08,0.04,25.10,25.10,25.10,SIM,81.00,80.50,1.20,80.00,81.00,82.00,NAO,0.0000,-0.2180,0.0000
2025-10-09,04:10:00,50.00,50.00,0.00,50.00,50.00,50.00,NAO,25.00,25.06,0.05,25.00,25.10,25.10,NAO,80.00,80.62,1.06,80.00,81.00,82.00,NAO,0.0000,-0.2180,0.0000
2025-10-09,04:15:00,50.00,50.00,0.00,50.00,50.00,50.00,NAO,25.00,25.05,0.05,25.00,25.10,25.10,NAO,80.00,80.37,0.92,80.00,80.00,81.00,NAO,0.0000,-0.2180,0.0000
2025-10-09,04:20:00,50.00,50.00,0.00,50.00,50.00,50.00,NAO,25.00,25.04,0.05,25.00,25.00,25.10,NAO,80.00,80.12,0.64,80.00,80.00,81.00,NAO,0.0000,-0.2180,0.0000
2025-10-09,04:25:00,50.00,50.00,0.00,50.00,50.00,50.00,NAO,25.00,25.02,0.05,25.00,25.00,25.10,NAO,81.00,80.25,0.71,80.00,80.00,81.00,NAO,0.0000,-0.2180,0.0000
2025-10-09,04:30:00,50.00,50.00,0.00,50.00,50.00,50.00,NAO,25.00,25.01,0.03,25.00,25.00,25.00,NAO,82.00,80.62,0.74,80.00,81.00,81.00,NAO,0.0000,-0.2180,0.0000
2025-10-09,04:35:00,50.00,50.00,0.00,50.00,50.00,50.00,NAO,25.00,25.00,0.00,25.00,25.00,25.00,NAO,80.00,80.62,0.74,80.00,81.00,81.00,NAO,0.0000,-0.2180,0.0000
2025-10-09,04:40:00,50.00,50.00,0.00,50.00,50.00,50.00,NAO,25.00,25.00,0.00,25.00,25.00,25.00,NAO,80.00,80.50,0.76,80.00,80.00,81.00,NAO,0.0000,-0.2180,0.0000
2025-10-09,04:45:00,50.00,50.00,0.00,50.00,50.00,50.00,NAO,25.00,25.00,0.00,25.00,25.00,25.00,NAO,82.00,80.62,0.92,80.00,80.00,82.00,NAO,0.0000,-0.2180,0.0000
2025-10-09,04:50:00,50.00,50.00,0.00,50.00,50.00,50.00,NAO,25.00,25.00,0.00,25.00,25.00,25.00,NAO,80.00,80.62,0.92,80.00,80.00,82.00,NAO,0.0000,-0.2180,0.0000
2025-10-09,04:55:00,49.00,49.88,0.35,50.00,50.00,50.00,SIM,24.90,24.99,0.04,25.00,25.00,25.00,SIM,82.00,80.87,0.99,80.00,81.00,82.00,NAO,0.0000,-0.2180,0.0000
2025-10-09,05:00:00,49.00,49.75,0.46,50.00,50.00,50.00,SIM,24.90,24.97,0.05,25.00,25.00,25.00,SIM,80.00,80.87,0.99,80.00,81.00,82.00,NAO,0.9923,-0.1632,-0.1754
2025-10-09,05:05:00,49.00,49.63,0.52,49.00,50.00,50.00,NAO,24.90,24.96,0.05,24.90,25.00,25.00,NAO,79.00,80.62,1.19,80.00,80.00,82.00,NAO,0.9923,-0.1632,-0.1754
2025-10-09,05:10:00,49.00,49.50,0.53,49.00,50.00,50.00,NAO,24.90,24.95,0.05,24.90,25.00,25.00,NAO,80.00,80.37,1.06,80.00,80.00,82.00,NAO,0.9923,-0.1632,-0.1754
2025-10-09,05:15:00,49.00,49.38,0.52,49.00,49.00,50.00,NAO,24.90,24.94,0.05,24.90,24.90,25.00,NAO,80.00,80.37,1.06,80.00,80.00,82.00,NAO,0.9923,-0.1632,-0.1754
2025-10-09,05:20:00,49.00,49.25,0.46,49.00,49.00,50.00,NAO,24.90,24.92,0.05,24.90,24.90,25.00,NAO,80.00,80.37,1.06,80.00,80.00,82.00,NAO,0.9923,-0.1632,-0.1754
2025-10-09,05:25:00,49.00,49.13,0.35,49.00,49.00,49.00,NAO,24.90,24.91,0.04,24.90,24.90,24.90,NAO,79.00,80.00,0.93,80.00,80.00,80.00,SIM,0.9923,-0.1632,-0.1754
2025-10-09,05:30:00,49.00,49.00,0.00,49.00,49.00,49.00,NAO,24.90,24.90,0.01,24.90,24.90,24.90,NAO,81.00,80.12,0.99,80.00,80.00,81.00,NAO,0.9923,-0.1632,-0.1754
2025-10-09,05:35:00,49.00,49.00,0.00,49.00,49.00,49.00,NAO,24.90,24.90,0.01,24.90,24.90,24.90,NAO,83.00,80.25,1.28,80.00,80.00,81.00,SIM,0.9923,-0.1632,-0.1754
2025-10-09,05:40:00,49.00,49.00,0.00,49.00,49.00,49.00,NAO,24.90,24.90,0.01,24.90,24.90,24.90,NAO,80.00,80.25,1.28,80.00,80.00,81.00,NAO,0.9923,-0.1632,-0.1754
2025-10-09,05:45:00,49.00,49.00,0.00,49.00,49.00,49.00,NAO,24.90,24.90,0.01,24.90,24.90,24.90,NAO,81.00,80.50,1.20,80.00,80.00,81.00,NAO,0.9923,-0.1632,-0.1754
2025-10-09,05:50:00,49.00,49.00,0.00,49.00,49.00,49.00,NAO,24.90,24.90,0.01,24.90,24.90,24.90,NAO,81.00,80.62,1.19,80.00,81.00,81.00,NAO,0.9923,-0.1632,-0.1754
2025-10-09,05:55:00,49.00,49.00,0.00,49.00,49.00,49.00,NAO,24.90,24.90,0.01,24.90,24.90,24.90,NAO,81.00,80.75,1.16,80.00,81.00,81.00,NAO,0.9923,-0.1632,-0.1754
2025-10-09,06:00:00,49.00,49.00,0.00,49.00,49.00,49.00,NAO,24.90,24.90,0.01,24.90,24.90,24.90,NAO,81.00,80.87,1.13,81.00,81.00,81.00,NAO,0.0000,0.0400,0.0000
2025-10-09,06:05:00,49.00,49.00,0.00,49.00,49.00,49.00,NAO,24.90,24.90,0.01,24.90,24.90,24.90,NAO,80.00,81.00,0.93,81.00,81.00,81.00,SIM,0.0000,0.0400,0.0000
2025-10-09,06:10:00,49.00,49.00,0.00,49.00,49.00,49.00,NAO,24.90,24.90,0.01,24.90,24.90,24.90,NAO,81.00,81.00,0.93,81.00,81.00,81.00,NAO,0.0000,0.0400,0.0000
2025-10-09,06:15:00,49.00,49.00,0.00,49.00,49.00,49.00,NAO,24.90,24.90,0.01,24.90,24.90,24.90,NAO,82.00,80.87,0.64,81.00,81.00,81.00,SIM,0.0000,0.0400,0.0000
2025-10-09,06:20:00,49.00,49.00,0.00,49.00,49.00,49.00,NAO,24.90,24.90,0.01,24.90,24.90,24.90,NAO,81.00,81.00,0.53,81.00,81.00,81.00,NAO,0.0000,0.0400,0.0000
2025-10-09,06:25:00,49.00,49.00,0.00,49.00,49.00,49.00,NAO,24.90,24.90,0.01,24.90,24.90,24.90,NAO,80.00,80.87,0.64,81.00,81.00,81.00,SIM,0.0000,0.0400,0.0000
2025-10-09,06:30:00,49.00,49.00,0.00,49.00,49.00,49.00,NAO,24.90,24.90,0.01,24.90,24.90,24.90,NAO,80.00,80.75,0.71,80.00,81.00,81.00,NAO,0.0000,0.0400,0.0000
2025-10-09,06:35:00,49.00,49.00,0.00,49.00,49.00,49.00,NAO,24.90,24.90,0.01,24.90,24.90,24.90,NAO,80.00,80.62,0.74,80.00,81.00,81.00,NAO,0.0000,0.0400,0.0000
2025-10-09,06:40:00,49.00,49.00,0.00,49.00,49.00,49.00,NAO,24.90,24.90,0.01,24.90,24.90,24.90,NAO,82.00,80.75,0.89,80.00,81.00,82.00,NAO,0.0000,0.0400,0.0000
2025-10-09,06:45:00,49.00,49.00,0.00,49.00,49.00,49.00,NAO,24.90,24.90,0.01,24.90,24.90,24.90,NAO,81.00,80.87,0.83,80.00,81.00,82.00,NAO,0.0000,0.0400,0.0000
2025-10-09,06:50:00,49.00,49.00,0.00,49.00,49.00,49.00,NAO,24.90,24.90,0.01,24.90,24.90,24.90,NAO,81.00,80.87,0.83,80.00,81.00,82.00,NAO,0.0000,0.0400,0.0000
2025-10-09,06:55:00,49.00,49.00,0.00,49.00,49.00,49.00,NAO,24.90,24.90,0.01,24.90,24.90,24.90,NAO,80.00,80.62,0.74,80.00,81.00,81.00,NAO,0.0000,0.0400,0.0000
2025-10-09,07:00:00,48.00,48.88,0.35,49.00,49.00,49.00,SIM,24.90,24.90,0.01,24.90,24.90,24.90,NAO,82.00,80.75,0.89,80.00,81.00,82.00,NAO,0.0377,0.0261,-0.4401
2025-10-09,07:05:00,48.00,48.75,0.46,49.00,49.00,49.00,SIM,24.90,24.90,0.01,24.90,24.90,24.90,NAO,82.00,81.00,0.93,80.00,81.00,82.00,NAO,0.0377,0.0261,-0.4401
2025-10-09,07:10:00,48.00,48.63,0.52,48.00,49.00,49.00,NAO,24.90,24.90,0.01,24.90,24.90,24.90,NAO,82.00,81.25,0.89,81.00,82.00,82.00,NAO,0.0377,0.0261,-0.4401
2025-10-09,07:15:00,48.00,48.50,0.53,48.00,49.00,49.00,NAO,24.90,24.90,0.01,24.90,24.90,24.90,NAO,83.00,81.62,0.92,81.00,82.00,82.00,NAO,0.0377,0.0261,-0.4401
2025-10-09,07:20:00,48.00,48.38,0.52,48.00,48.00,49.00,NAO,24.90,24.90,0.01,24.90,24.90,24.90,NAO,81.00,81.50,0.93,81.00,82.00,82.00,NAO,0.0377,0.0261,-0.4401
2025-10-09,07:25:00,48.00,48.25,0.46,48.00,48.00,49.00,NAO,24.90,24.90,0.01,24.90,24.90,24.90,NAO,81.00,81.50,0.93,81.00,82.00,82.00,NAO,0.0377,0.0261,-0.4401
2025-10-09,07:30:00,48.00,48.13,0.35,48.00,48.00,48.00,NAO,24.90,24.90,0.01,24.90,24.90,24.90,NAO,81.00,81.50,0.93,81.00,82.00,82.00,NAO,0.0377,0.0261,-0.4401
2025-10-09,07:35:00,48.00,48.00,0.00,48.00,48.00,48.00,NAO,24.90,24.90,0.01,24.90,24.90,24.90,NAO,82.00,81.75,0.71,81.00,82.00,82.00,NAO,0.0377,0.0261,-0.4401
2025-10-09,07:40:00,48.00,48.00,0.00,48.00,48.00,48.00,NAO,24.90,24.90,0.01,24.90,24.90,24.90,NAO,83.00,81.87,0.83,81.00,82.00,83.00,NAO,0.0377,0.0261,-0.4401
2025-10-09,07:45:00,48.00,48.00,0.00,48.00,48.00,48.00,NAO,25.00,24.91,0.04,24.90,24.90,24.90,SIM,82.00,81.87,0.83,81.00,82.00,83.00,NAO,0.0377,0.0261,-0.4401
2025-10-09,07:50:00,48.00,48.00,0.00,48.00,48.00,48.00,NAO,25.00,24.92,0.05,24.90,24.90,25.00,NAO,81.00,81.75,0.89,81.00,82.00,83.00,NAO,0.0377,0.0261,-0.4401
2025-10-09,07:55:00,48.00,48.00,0.00,48.00,48.00,48.00,NAO,25.00,24.94,0.05,24.90,24.90,25.00,NAO,81.00,81.50,0.76,81.00,81.00,82.00,NAO,0.0377,0.0261,-0.4401
2025-10-09,08:00:00,48.00,48.00,0.00,48.00,48.00,48.00,NAO,25.00,24.95,0.05,24.90,25.00,25.00,NAO,81.00,81.50,0.76,81.00,81.00,82.00,NAO,0.0000,-0.3843,0.0000
2025-10-09,08:05:00,48.00,48.00,0.00,48.00,48.00,48.00,NAO,25.00,24.96,0.05,24.90,25.00,25.00,NAO,81.00,81.50,0.76,81.00,81.00,82.00,NAO,0.0000,-0.3843,0.0000
2025-10-09,08:10:00,47.00,47.88,0.35,48.00,48.00,48.00,SIM,25.00,24.97,0.05,25.00,25.00,25.00,NAO,84.00,81.87,1.13,81.00,82.00,83.00,NAO,0.0000,-0.3843,0.0000
2025-10-09,08:15:00,47.00,47.75,0.46,48.00,48.00,48.00,SIM,25.00,24.99,0.04,25.00,25.00,25.00,NAO,81.00,81.75,1.16,81.00,81.00,83.00,NAO,0.0000,-0.3843,0.0000
2025-10-09,08:20:00,47.00,47.63,0.52,47.00,48.00,48.00,NAO,25.00,25.00,0.00,25.00,25.00,25.00,NAO,81.00,81.50,1.07,81.00,81.00,82.00,NAO,0.0000,-0.3843,0.0000
2025-10-09,08:25:00,47.00,47.50,0.53,47.00,48.00,48.00,NAO,25.10,25.01,0.03,25.00,25.00,25.00,SIM,82.00,81.50,1.07,81.00,81.00,82.00,NAO,0.0000,-0.3843,0.0000
2025-10-09,08:30:00,47.00,47.38,0.52,47.00,47.00,48.00,NAO,25.10,25.02,0.05,25.00,25.00,25.10,NAO,81.00,81.50,1.07,81.00,81.00,82.00,NAO,0.0000,-0.3843,0.0000
2025-10-09,08:35:00,47.00,47.25,0.46,47.00,47.00,48.00,NAO,25.10,25.04,0.05,25.00,25.00,25.10,NAO,83.00,81.75,1.16,81.00,81.00,83.00,NAO,0.0000,-0.3843,0.0000
2025-10-09,08:40:00,47.00,47.13,0.35,47.00,47.00,47.00,NAO,25.10,25.05,0.05,25.00,25.10,25.10,NAO,81.00,81.75,1.16,81.00,81.00,83.00,NAO,0.0000,-0.3843,0.0000
2025-10-09,08:45:00,47.00,47.00,0.00,47.00,47.00,47.00,NAO,25.10,25.06,0.05,25.00,25.10,25.10,NAO,83.00,82.00,1.20,81.00,82.00,83.00,NAO,0.0000,-0.3843,0.0000
2025-10-09,08:50:00,47.00,47.00,0.00,47.00,47.00,47.00,NAO,25.10,25.07,0.05,25.10,25.10,25.10,NAO,81.00,81.62,0.92,81.00,81.00,83.00,NAO,0.0000,-0.3843,0.0000
2025-10-09,08:55:00,47.00,47.00,0.00,47.00,47.00,47.00,NAO,25.20,25.10,0.05,25.10,25.10,25.10,SIM,82.00,81.75,0.89,81.00,82.00,83.00,NAO,0.0000,-0.3843,0.0000
2025-10-09,09:00:00,47.00,47.00,0.00,47.00,47.00,47.00,NAO,25.20,25.12,0.05,25.10,25.10,25.20,NAO,83.00,82.00,0.93,81.00,82.00,83.00,NAO,-0.3664,0.2138,-0.2664
2025-10-09,09:05:00,47.00,47.00,0.00,47.00,47.00,47.00,NAO,25.20,25.14,0.05,25.10,25.10,25.20,NAO,81.00,81.87,0.99,81.00,82.00,83.00,NAO,-0.3664,0.2138,-0.2664
2025-10-09,09:10:00,47.00,47.00,0.00,47.00,47.00,47.00,NAO,25.10,25.14,0.05,25.10,25.10,25.20,NAO,82.00,82.00,0.93,81.00,82.00,83.00,NAO,-0.3664,0.2138,-0.2664
2025-10-09,09:15:00,47.00,47.00,0.00,47.00,47.00,47.00,NAO,25.20,25.15,0.05,25.10,25.20,25.20,NAO,82.00,81.87,0.83,81.00,82.00,83.00,NAO,-0.3664,0.2138,-0.2664
2025-10-09,09:20:00,47.00,47.00,0.00,47.00,47.00,47.00,NAO,25.20,25.16,0.05,25.10,25.20,25.20,NAO,83.00,82.12,0.83,82.00,82.00,83.00,NAO,-0.3664,0.2138,-0.2664
2025-10-09,09:25:00,47.00,47.00,0.00,47.00,47.00,47.00,NAO,25.20,25.17,0.05,25.20,25.20,25.20,NAO,83.00,82.12,0.83,82.00,82.00,83.00,NAO,-0.3664,0.2138,-0.2664
2025-10-09,09:30:00,47.00,47.00,0.00,47.00,47.00,47.00,NAO,25.20,25.19,0.04,25.20,25.20,25.20,NAO,83.00,82.37,0.74,82.00,83.00,83.00,NAO,-0.3664,0.2138,-0.2664
2025-10-09,09:35:00,47.00,47.00,0.00,47.00,47.00,47.00,NAO,25.20,25.19,0.04,25.20,25.20,25.20,NAO,81.00,82.25,0.89,82.00,83.00,83.00,NAO,-0.3664,0.2138,-0.2664
2025-10-09,09:40:00,47.00,47.00,0.00,47.00,47.00,47.00,NAO,25.20,25.19,0.04,25.20,25.20,25.20,NAO,81.00,82.00,0.93,81.00,82.00,83.00,NAO,-0.3664,0.2138,-0.2664
2025-10-09,09:45:00,47.00,47.00,0.00,47.00,47.00,47.00,NAO,25.30,25.20,0.05,25.20,25.20,25.20,SIM,83.00,82.25,0.89,82.00,83.00,83.00,NAO,-0.3664,0.2138,-0.2664
2025-10-09,09:50:00,48.00,47.13,0.35,47.00,47.00,47.00,SIM,25.30,25.22,0.05,25.20,25.20,25.30,NAO,83.00,82.37,0.92,82.00,83.00,83.00,NAO,-0.3664,0.2138,-0.2664
2025-10-09,09:55:00,48.00,47.25,0.46,47.00,47.00,48.00,NAO,25.30,25.24,0.05,25.20,25.20,25.30,NAO,83.00,82.50,0.93,83.00,83.00,83.00,NAO,-0.3664,0.2138,-0.2664
2025-10-09,10:00:00,48.00,47.38,0.52,47.00,47.00,48.00,NAO,25.30,25.25,0.05,25.20,25.30,25.30,NAO,83.00,82.50,0.93,83.00,83.00,83.00,NAO,0.7287,0.4950,0.4529
2025-10-09,10:05:00,48.00,47.50,0.53,47.00,48.00,48.00,NAO,25.30,25.26,0.05,25.20,25.30,25.30,NAO,82.00,82.37,0.92,82.00,83.00,83.00,NAO,0.7287,0.4950,0.4529
2025-10-09,10:10:00,48.00,47.63,0.52,47.00,48.00,48.00,NAO,25.30,25.27,0.05,25.30,25.30,25.30,NAO,82.00,82.25,0.89,82.00,83.00,83.00,NAO,0.7287,0.4950,0.4529
2025-10-09,10:15:00,48.00,47.75,0.46,48.00,48.00,48.00,NAO,25.30,25.29,0.03,25.30,25.30,25.30,NAO,82.00,82.37,0.74,82.00,83.00,83.00,NAO,0.7287,0.4950,0.4529
2025-10-09,10:20:00,48.00,47.88,0.35,48.00,48.00,48.00,NAO,25.30,25.30,nan,25.30,25.30,25.30,NAO,83.00,82.62,0.52,82.00,83.00,83.00,NAO,0.7287,0.4950,0.4529
2025-10-09,10:25:00,48.00,48.00,0.00,48.00,48.00,48.00,NAO,25.30,25.30,nan,25.30,25.30,25.30,NAO,84.00,82.75,0.71,82.00,83.00,83.00,NAO,0.7287,0.4950,0.4529
2025-10-09,10:30:00,48.00,48.00,0.00,48.00,48.00,48.00,NAO,25.30,25.30,nan,25.30,25.30,25.30,NAO,82.00,82.62,0.74,82.00,83.00,83.00,NAO,0.7287,0.4950,0.4529
2025-10-09,10:35:00,48.00,48.00,0.00,48.00,48.00,48.00,NAO,25.30,25.30,nan,25.30,25.30,25.30,NAO,82.00,82.50,0.76,82.00,82.00,83.00,NAO,0.7287,0.4950,0.4529
2025-10-09,10:40:00,48.00,48.00,0.00,48.00,48.00,48.00,NAO,25.30,25.30,nan,25.30,25.30,25.30,NAO,83.00,82.50,0.76,82.00,82.00,83.00,NAO,0.7287,0.4950,0.4529
2025-10-09,10:45:00,48.00,48.00,0.00,48.00,48.00,48.00,NAO,25.40,25.31,0.03,25.30,25.30,25.30,SIM,82.00,82.50,0.76,82.00,82.00,83.00,NAO,0.7287,0.4950,0.4529
2025-10-09,10:50:00,48.00,48.00,0.00,48.00,48.00,48.00,NAO,25.40,25.32,0.04,25.30,25.30,25.40,NAO,83.00,82.62,0.74,82.00,83.00,83.00,NAO,0.7287,0.4950,0.4529
2025-10-09,10:55:00,48.00,48.00,0.00,48.00,48.00,48.00,NAO,25.40,25.34,0.05,25.30,25.30,25.40,NAO,83.00,82.75,0.71,82.00,83.00,83.00,NAO,0.7287,0.4950,0.4529
2025-10-09,11:00:00,48.00,48.00,0.00,48.00,48.00,48.00,NAO,25.40,25.35,0.05,25.30,25.40,25.40,NAO,82.00,82.62,0.74,82.00,83.00,83.00,NAO,0.0000,-0.0071,0.0000
2025-10-09,11:05:00,48.00,48.00,0.00,48.00,48.00,48.00,NAO,25.40,25.36,0.05,25.30,25.40,25.40,NAO,84.00,82.62,0.74,82.00,83.00,83.00,NAO,0.0000,-0.0071,0.0000
2025-10-09,11:10:00,48.00,48.00,0.00,48.00,48.00,48.00,NAO,25.40,25.37,0.05,25.40,25.40,25.40,NAO,83.00,82.75,0.71,82.00,83.00,83.00,NAO,0.0000,-0.0071,0.0000
2025-10-09,11:15:00,48.00,48.00,0.00,48.00,48.00,48.00,NAO,25.40,25.39,0.04,25.40,25.40,25.40,NAO,82.00,82.75,0.71,82.00,83.00,83.00,NAO,0.0000,-0.0071,0.0000
2025-10-09,11:20:00,48.00,48.00,0.00,48.00,48.00,48.00,NAO,25.40,25.40,0.01,25.40,25.40,25.40,NAO,84.00,82.87,0.83,82.00,83.00,84.00,NAO,0.0000,-0.0071,0.0000
2025-10-09,11:25:00,48.00,48.00,0.00,48.00,48.00,48.00,NAO,25.40,25.40,0.01,25.40,25.40,25.40,NAO,83.00,83.00,0.76,83.00,83.00,84.00,NAO,0.0000,-0.0071,0.0000
2025-10-09,11:30:00,48.00,48.00,0.00,48.00,48.00,48.00,NAO,25.40,25.40,0.01,25.40,25.40,25.40,NAO,84.00,83.12,0.83,83.00,83.00,84.00,NAO,0.0000,-0.0071,0.0000
2025-10-09,11:35:00,48.00,48.00,0.00,48.00,48.00,48.00,NAO,25.40,25.40,0.01,25.40,25.40,25.40,NAO,83.00,83.12,0.83,83.00,83.00,84.00,NAO,0.0000,-0.0071,0.0000
2025-10-09,11:40:00,48.00,48.00,0.00,48.00,48.00,48.00,NAO,25.50,25.41,0.04,25.40,25.40,25.40,SIM,83.00,83.25,0.71,83.00,83.00,84.00,NAO,0.0000,-0.0071,0.0000
2025-10-09,11:45:00,47.00,47.88,0.35,48.00,48.00,48.00,SIM,25.50,25.42,0.05,25.40,25.40,25.50,NAO,82.00,83.00,0.76,83.00,83.00,84.00,NAO,0.0000,-0.0071,0.0000
2025-10-09,11:50:00,47.00,47.75,0.46,48.00,48.00,48.00,SIM,25.50,25.44,0.05,25.40,25.40,25.50,NAO,83.00,83.00,0.76,83.00,83.00,84.00,NAO,0.0000,-0.0071,0.0000
2025-10-09,11:55:00,47.00,47.63,0.52,47.00,48.00,48.00,NAO,25.50,25.45,0.05,25.40,25.50,25.50,NAO,84.00,83.25,0.71,83.00,83.00,84.00,NAO,0.0000,-0.0071,0.0000
2025-10-09,12:00:00,47.00,47.50,0.53,47.00,48.00,48.00,NAO,25.50,25.46,0.05,25.40,25.50,25.50,NAO,83.00,83.12,0.64,83.00,83.00,84.00,NAO,-0.8292,-0.2045,0.1715
2025-10-09,12:05:00,47.00,47.38,0.52,47.00,47.00,48.00,NAO,25.50,25.47,0.05,25.50,25.50,25.50,NAO,84.00,83.25,0.71,83.00,83.00,84.00,NAO,-0.8292,-0.2045,0.1715
2025-10-09,12:10:00,47.00,47.25,0.46,47.00,47.00,48.00,NAO,25.60,25.50,0.05,25.50,25.50,25.50,SIM,84.00,83.25,0.71,83.00,83.00,84.00,NAO,-0.8292,-0.2045,0.1715
2025-10-09,12:15:00,46.00,47.00,0.53,47.00,47.00,47.00,SIM,25.60,25.53,0.05,25.50,25.50,25.60,NAO,83.00,83.25,0.71,83.00,83.00,84.00,NAO,-0.8292,-0.2045,0.1715
2025-10-09,12:20:00,45.00,46.63,0.74,47.00,47.00,47.00,SIM,25.60,25.54,0.05,25.50,25.50,25.60,NAO,83.00,83.25,0.71,83.00,83.00,84.00,NAO,-0.8292,-0.2045,0.1715
2025-10-09,12:25:00,45.00,46.38,0.92,46.00,47.00,47.00,NAO,25.70,25.56,0.07,25.50,25.60,25.60,NAO,84.00,83.50,0.53,83.00,84.00,84.00,NAO,-0.8292,-0.2045,0.1715
2025-10-09,12:30:00,45.00,46.13,0.99,45.00,47.00,47.00,NAO,25.70,25.59,0.08,25.50,25.60,25.70,NAO,84.00,83.62,0.52,83.00,84.00,84.00,NAO,-0.8292,-0.2045,0.1715
2025-10-09,12:35:00,45.00,45.88,0.99,45.00,46.00,47.00,NAO,25.80,25.63,0.10,25.60,25.60,25.70,NAO,82.00,83.37,0.74,83.00,84.00,84.00,NAO,-0.8292,-0.2045,0.1715
2025-10-09,12:40:00,45.00,45.63,0.92,45.00,45.00,47.00,NAO,25.80,25.66,0.11,25.60,25.70,25.80,NAO,83.00,83.37,0.74,83.00,84.00,84.00,NAO,-0.8292,-0.2045,0.1715
2025-10-09,12:45:00,45.00,45.38,0.74,45.00,45.00,46.00,NAO,25.80,25.70,0.09,25.60,25.70,25.80,NAO,83.00,83.25,0.71,83.00,83.00,84.00,NAO,-0.8292,-0.2045,0.1715
2025-10-09,12:50:00,45.00,45.13,0.35,45.00,45.00,45.00,NAO,25.80,25.73,0.09,25.70,25.80,25.80,NAO,84.00,83.25,0.71,83.00,83.00,84.00,NAO,-0.8292,-0.2045,0.1715
2025-10-09,12:55:00,45.00,45.00,0.00,45.00,45.00,45.00,NAO,25.80,25.75,0.07,25.70,25.80,25.80,NAO,85.00,83.50,0.93,83.00,84.00,84.00,NAO,-0.8292,-0.2045,0.1715
2025-10-09,13:00:00,45.00,45.00,0.00,45.00,45.00,45.00,NAO,25.80,25.78,0.04,25.80,25.80,25.80,NAO,83.00,83.50,0.93,83.00,84.00,84.00,NAO,-0.7755,-0.1547,0.2156
2025-10-09,13:05:00,46.00,45.13,0.35,45.00,45.00,45.00,SIM,25.90,25.80,0.05,25.80,25.80,25.80,SIM,82.00,83.25,1.04,83.00,83.00,84.00,NAO,-0.7755,-0.1547,0.2156
2025-10-09,13:10:00,46.00,45.25,0.46,45.00,45.00,46.00,NAO,25.90,25.82,0.05,25.80,25.80,25.90,NAO,84.00,83.25,1.04,83.00,83.00,84.00,NAO,-0.7755,-0.1547,0.2156
2025-10-09,13:15:00,46.00,45.38,0.52,45.00,45.00,46.00,NAO,25.90,25.84,0.05,25.80,25.80,25.90,NAO,83.00,83.37,0.92,83.00,83.00,84.00,NAO,-0.7755,-0.1547,0.2156
2025-10-09,13:20:00,46.00,45.50,0.53,45.00,46.00,46.00,NAO,25.90,25.85,0.05,25.80,25.90,25.90,NAO,83.00,83.37,0.92,83.00,83.00,84.00,NAO,-0.7755,-0.1547,0.2156
2025-10-09,13:25:00,46.00,45.63,0.52,45.00,46.00,46.00,NAO,25.90,25.86,0.05,25.80,25.90,25.90,NAO,83.00,83.37,0.92,83.00,83.00,84.00,NAO,-0.7755,-0.1547,0.2156
2025-10-09,13:30:00,46.00,45.75,0.46,46.00,46.00,46.00,NAO,26.00,25.89,0.06,25.90,25.90,25.90,SIM,83.00,83.25,0.89,83.00,83.00,84.00,NAO,-0.7755,-0.1547,0.2156
2025-10-09,13:35:00,46.00,45.88,0.35,46.00,46.00,46.00,NAO,26.00,25.91,0.06,25.90,25.90,26.00,NAO,84.00,83.12,0.64,83.00,83.00,84.00,NAO,-0.7755,-0.1547,0.2156
2025-10-09,13:40:00,46.00,46.00,0.00,46.00,46.00,46.00,NAO,26.00,25.94,0.05,25.90,25.90,26.00,NAO,84.00,83.25,0.71,83.00,83.00,84.00,NAO,-0.7755,-0.1547,0.2156
2025-10-09,13:45:00,46.00,46.00,0.00,46.00,46.00,46.00,NAO,26.00,25.95,0.05,25.90,26.00,26.00,NAO,84.00,83.50,0.53,83.00,84.00,84.00,NAO,-0.7755,-0.1547,0.2156
2025-10-09,13:50:00,46.00,46.00,0.00,46.00,46.00,46.00,NAO,26.00,25.96,0.05,25.90,26.00,26.00,NAO,83.00,83.37,0.52,83.00,83.00,84.00,NAO,-0.7755,-0.1547,0.2156
2025-10-09,13:55:00,46.00,46.00,0.00,46.00,46.00,46.00,NAO,26.00,25.97,0.05,26.00,26.00,26.00,NAO,83.00,83.37,0.52,83.00,83.00,84.00,NAO,-0.7755,-0.1547,0.2156
2025-10-09,14:00:00,46.00,46.00,0.00,46.00,46.00,46.00,NAO,26.00,25.99,0.04,26.00,26.00,26.00,NAO,84.00,83.50,0.53,83.00,84.00,84.00,NAO,0.0000,0.4558,0.0000
2025-10-09,14:05:00,46.00,46.00,0.00,46.00,46.00,46.00,NAO,26.00,26.00,0.00,26.00,26.00,26.00,NAO,84.00,83.62,0.52,83.00,84.00,84.00,NAO,0.0000,0.4558,0.0000
2025-10-09,14:10:00,46.00,46.00,0.00,46.00,46.00,46.00,NAO,26.00,26.00,0.00,26.00,26.00,26.00,NAO,83.00,83.62,0.52,83.00,84.00,84.00,NAO,0.0000,0.4558,0.0000
2025-10-09,14:15:00,46.00,46.00,0.00,46.00,46.00,46.00,NAO,26.10,26.01,0.03,26.00,26.00,26.00,SIM,83.00,83.50,0.53,83.00,84.00,84.00,NAO,0.0000,0.4558,0.0000
2025-10-09,14:20:00,45.00,45.88,0.35,46.00,46.00,46.00,SIM,26.10,26.03,0.04,26.00,26.00,26.10,NAO,83.00,83.37,0.52,83.00,83.00,84.00,NAO,0.0000,0.4558,0.0000
2025-10-09,14:25:00,45.00,45.75,0.46,46.00,46.00,46.00,SIM,26.10,26.04,0.05,26.00,26.00,26.10,NAO,83.00,83.25,0.46,83.00,83.00,84.00,NAO,0.0000,0.4558,0.0000
2025-10-09,14:30:00,45.00,45.63,0.52,45.00,46.00,46.00,NAO,26.10,26.05,0.05,26.00,26.10,26.10,NAO,84.00,83.37,0.52,83.00,83.00,84.00,NAO,0.0000,0.4558,0.0000
2025-10-09,14:35:00,45.00,45.50,0.53,45.00,46.00,46.00,NAO,26.10,26.06,0.05,26.00,26.10,26.10,NAO,84.00,83.50,0.53,83.00,84.00,84.00,NAO,0.0000,0.4558,0.0000
2025-10-09,14:40:00,46.00,45.50,0.53,45.00,46.00,46.00,NAO,26.10,26.07,0.05,26.10,26.10,26.10,NAO,84.00,83.50,0.53,83.00,84.00,84.00,NAO,0.0000,0.4558,0.0000
2025-10-09,14:45:00,46.00,45.50,0.53,45.00,46.00,46.00,NAO,26.10,26.09,0.03,26.10,26.10,26.10,NAO,82.00,83.25,0.71,83.00,83.00,84.00,NAO,0.0000,0.4558,0.0000
2025-10-09,14:50:00,46.00,45.50,0.53,45.00,46.00,46.00,NAO,26.20,26.11,0.03,26.10,26.10,26.10,SIM,84.00,83.37,0.74,83.00,84.00,84.00,NAO,0.0000,0.4558,0.0000
2025-10-09,14:55:00,46.00,45.50,0.53,45.00,46.00,46.00,NAO,26.20,26.12,0.05,26.10,26.10,26.20,NAO,83.00,83.37,0.74,83.00,84.00,84.00,NAO,0.0000,0.4558,0.0000
2025-10-09,15:00:00,46.00,45.63,0.52,45.00,46.00,46.00,NAO,26.20,26.14,0.05,26.10,26.10,26.20,NAO,84.00,83.50,0.76,83.00,84.00,84.00,NAO,0.0890,0.1147,-0.0921
2025-10-09,15:05:00,46.00,45.75,0.46,46.00,46.00,46.00,NAO,26.20,26.15,0.05,26.10,26.20,26.20,NAO,84.00,83.62,0.74,84.00,84.00,84.00,NAO,0.0890,0.1147,-0.0921
2025-10-09,15:10:00,46.00,45.88,0.35,46.00,46.00,46.00,NAO,26.20,26.16,0.05,26.10,26.20,26.20,NAO,83.00,83.50,0.76,83.00,84.00,84.00,NAO,0.0890,0.1147,-0.0921
2025-10-09,15:15:00,46.00,46.00,0.00,46.00,46.00,46.00,NAO,26.20,26.17,0.05,26.20,26.20,26.20,NAO,83.00,83.37,0.74,83.00,84.00,84.00,NAO,0.0890,0.1147,-0.0921
2025-10-09,15:20:00,46.00,46.00,0.00,46.00,46.00,46.00,NAO,26.10,26.17,0.05,26.20,26.20,26.20,SIM,84.00,83.37,0.74,83.00,84.00,84.00,NAO,0.0890,0.1147,-0.0921
2025-10-09,15:25:00,46.00,46.00,0.00,46.00,46.00,46.00,NAO,26.10,26.17,0.05,26.20,26.20,26.20,SIM,82.00,83.37,0.74,83.00,84.00,84.00,NAO,0.0890,0.1147,-0.0921
2025-10-09,15:30:00,46.00,46.00,0.00,46.00,46.00,46.00,NAO,26.10,26.16,0.05,26.10,26.20,26.20,NAO,84.00,83.37,0.74,83.00,84.00,84.00,NAO,0.0890,0.1147,-0.0921
2025-10-09,15:35:00,46.00,46.00,0.00,46.00,46.00,46.00,NAO,26.10,26.15,0.05,26.10,26.20,26.20,NAO,83.00,83.37,0.74,83.00,84.00,84.00,NAO,0.0890,0.1147,-0.0921
2025-10-09,15:40:00,46.00,46.00,0.00,46.00,46.00,46.00,NAO,26.20,26.15,0.05,26.10,26.20,26.20,NAO,84.00,83.37,0.74,83.00,84.00,84.00,NAO,0.0890,0.1147,-0.0921
2025-10-09,15:45:00,46.00,46.00,0.00,46.00,46.00,46.00,NAO,26.20,26.15,0.05,26.10,26.20,26.20,NAO,84.00,83.37,0.74,83.00,84.00,84.00,NAO,0.0890,0.1147,-0.0921
2025-10-09,15:50:00,46.00,46.00,0.00,46.00,46.00,46.00,NAO,26.20,26.15,0.05,26.10,26.20,26.20,NAO,84.00,83.50,0.76,83.00,84.00,84.00,NAO,0.0890,0.1147,-0.0921
2025-10-09,15:55:00,46.00,46.00,0.00,46.00,46.00,46.00,NAO,26.20,26.15,0.05,26.10,26.20,26.20,NAO,83.00,83.50,0.76,83.00,84.00,84.00,NAO,0.0890,0.1147,-0.0921
2025-10-09,16:00:00,46.00,46.00,0.00,46.00,46.00,46.00,NAO,26.20,26.16,0.05,26.10,26.20,26.20,NAO,83.00,83.37,0.74,83.00,84.00,84.00,NAO,0.0000,0.1819,0.0000
2025-10-09,16:05:00,46.00,46.00,0.00,46.00,46.00,46.00,NAO,26.20,26.18,0.05,26.20,26.20,26.20,NAO,84.00,83.62,0.52,83.00,84.00,84.00,NAO,0.0000,0.1819,0.0000
2025-10-09,16:10:00,46.00,46.00,0.00,46.00,46.00,46.00,NAO,26.20,26.19,0.04,26.20,26.20,26.20,NAO,83.00,83.50,0.53,83.00,84.00,84.00,NAO,0.0000,0.1819,0.0000
2025-10-09,16:15:00,46.00,46.00,0.00,46.00,46.00,46.00,NAO,26.20,26.20,0.01,26.20,26.20,26.20,NAO,84.00,83.62,0.52,83.00,84.00,84.00,NAO,0.0000,0.1819,0.0000
2025-10-09,16:20:00,46.00,46.00,0.00,46.00,46.00,46.00,NAO,26.20,26.20,0.01,26.20,26.20,26.20,NAO,84.00,83.62,0.52,83.00,84.00,84.00,NAO,0.0000,0.1819,0.0000
2025-10-09,16:25:00,46.00,46.00,0.00,46.00,46.00,46.00,NAO,26.20,26.20,0.01,26.20,26.20,26.20,NAO,84.00,83.62,0.52,83.00,84.00,84.00,NAO,0.0000,0.1819,0.0000
2025-10-09,16:30:00,46.00,46.00,0.00,46.00,46.00,46.00,NAO,26.20,26.20,0.01,26.20,26.20,26.20,NAO,84.00,83.62,0.52,83.00,84.00,84.00,NAO,0.0000,0.1819,0.0000
2025-10-09,16:35:00,46.00,46.00,0.00,46.00,46.00,46.00,NAO,26.20,26.20,0.01,26.20,26.20,26.20,NAO,83.00,83.62,0.52,83.00,84.00,84.00,NAO,0.0000,0.1819,0.0000
2025-10-09,16:40:00,46.00,46.00,0.00,46.00,46.00,46.00,NAO,26.10,26.19,0.04,26.20,26.20,26.20,SIM,83.00,83.62,0.52,83.00,84.00,84.00,NAO,0.0000,0.1819,0.0000
2025-10-09,16:45:00,46.00,46.00,0.00,46.00,46.00,46.00,NAO,26.20,26.19,0.04,26.20,26.20,26.20,NAO,85.00,83.75,0.71,83.00,84.00,84.00,NAO,0.0000,0.1819,0.0000
2025-10-09,16:50:00,46.00,46.00,0.00,46.00,46.00,46.00,NAO,26.10,26.18,0.05,26.20,26.20,26.20,SIM,84.00,83.87,0.64,84.00,84.00,84.00,NAO,0.0000,0.1819,0.0000
2025-10-09,16:55:00,46.00,46.00,0.00,46.00,46.00,46.00,NAO,26.10,26.16,0.05,26.10,26.20,26.20,NAO,85.00,84.00,0.76,84.00,84.00,85.00,NAO,0.0000,0.1819,0.0000
2025-10-09,17:00:00,46.00,46.00,0.00,46.00,46.00,46.00,NAO,26.20,26.16,0.05,26.10,26.20,26.20,NAO,83.00,83.87,0.83,83.00,84.00,85.00,NAO,0.0000,-0.1397,0.0000
2025-10-09,17:05:00,46.00,46.00,0.00,46.00,46.00,46.00,NAO,26.20,26.16,0.05,26.10,26.20,26.20,NAO,83.00,83.75,0.89,83.00,84.00,85.00,NAO,0.0000,-0.1397,0.0000
2025-10-09,17:10:00,46.00,46.00,0.00,46.00,46.00,46.00,NAO,26.20,26.16,0.05,26.10,26.20,26.20,NAO,85.00,83.87,0.99,83.00,84.00,85.00,NAO,0.0000,-0.1397,0.0000
2025-10-09,17:15:00,46.00,46.00,0.00,46.00,46.00,46.00,NAO,26.20,26.16,0.05,26.10,26.20,26.20,NAO,83.00,83.87,0.99,83.00,84.00,85.00,NAO,0.0000,-0.1397,0.0000
2025-10-09,17:20:00,46.00,46.00,0.00,46.00,46.00,46.00,NAO,26.20,26.18,0.05,26.20,26.20,26.20,NAO,84.00,84.00,0.93,83.00,84.00,85.00,NAO,0.0000,-0.1397,0.0000
2025-10-09,17:25:00,46.00,46.00,0.00,46.00,46.00,46.00,NAO,26.20,26.18,0.05,26.20,26.20,26.20,NAO,83.00,83.75,0.89,83.00,84.00,85.00,NAO,0.0000,-0.1397,0.0000
2025-10-09,17:30:00,46.00,46.00,0.00,46.00,46.00,46.00,NAO,26.20,26.19,0.04,26.20,26.20,26.20,NAO,83.00,83.62,0.92,83.00,83.00,85.00,NAO,0.0000,-0.1397,0.0000
2025-10-09,17:35:00,46.00,46.00,0.00,46.00,46.00,46.00,NAO,26.10,26.19,0.04,26.20,26.20,26.20,SIM,83.00,83.37,0.74,83.00,83.00,84.00,NAO,0.0000,-0.1397,0.0000
2025-10-09,17:40:00,46.00,46.00,0.00,46.00,46.00,46.00,NAO,26.20,26.19,0.04,26.20,26.20,26.20,NAO,83.00,83.37,0.74,83.00,83.00,84.00,NAO,0.0000,-0.1397,0.0000
2025-10-09,17:45:00,46.00,46.00,0.00,46.00,46.00,46.00,NAO,26.20,26.19,0.04,26.20,26.20,26.20,NAO,83.00,83.37,0.74,83.00,83.00,84.00,NAO,0.0000,-0.1397,0.0000
2025-10-09,17:50:00,46.00,46.00,0.00,46.00,46.00,46.00,NAO,26.20,26.19,0.04,26.20,26.20,26.20,NAO,84.00,83.25,0.46,83.00,83.00,84.00,NAO,0.0000,-0.1397,0.0000
2025-10-09,17:55:00,46.00,46.00,0.00,46.00,46.00,46.00,NAO,26.20,26.19,0.04,26.20,26.20,26.20,NAO,86.00,83.62,1.06,83.00,83.00,84.00,SIM,0.0000,-0.1397,0.0000
2025-10-09,18:00:00,46.00,46.00,0.00,46.00,46.00,46.00,NAO,26.20,26.19,0.04,26.20,26.20,26.20,NAO,83.00,83.50,1.07,83.00,83.00,84.00,NAO,0.0000,0.1962,0.0000
2025-10-09,18:05:00,46.00,46.00,0.00,46.00,46.00,46.00,NAO,26.20,26.19,0.04,26.20,26.20,26.20,NAO,83.00,83.50,1.07,83.00,83.00,84.00,NAO,0.0000,0.1962,0.0000
2025-10-09,18:10:00,46.00,46.00,0.00,46.00,46.00,46.00,NAO,26.20,26.19,0.04,26.20,26.20,26.20,NAO,84.00,83.62,1.06,83.00,83.00,84.00,NAO,0.0000,0.1962,0.0000
2025-10-09,18:15:00,46.00,46.00,0.00,46.00,46.00,46.00,NAO,26.10,26.19,0.04,26.20,26.20,26.20,SIM,84.00,83.75,1.04,83.00,84.00,84.00,NAO,0.0000,0.1962,0.0000
2025-10-09,18:20:00,46.00,46.00,0.00,46.00,46.00,46.00,NAO,26.10,26.18,0.05,26.20,26.20,26.20,SIM,83.00,83.75,1.04,83.00,84.00,84.00,NAO,0.0000,0.1962,0.0000
2025-10-09,18:25:00,46.00,46.00,0.00,46.00,46.00,46.00,NAO,26.10,26.16,0.05,26.10,26.20,26.20,NAO,83.00,83.75,1.04,83.00,84.00,84.00,NAO,0.0000,0.1962,0.0000
2025-10-09,18:30:00,46.00,46.00,0.00,46.00,46.00,46.00,NAO,26.10,26.15,0.05,26.10,26.20,26.20,NAO,84.00,83.75,1.04,83.00,84.00,84.00,NAO,0.0000,0.1962,0.0000
2025-10-09,18:35:00,46.00,46.00,0.00,46.00,46.00,46.00,NAO,26.10,26.14,0.05,26.10,26.10,26.20,NAO,85.00,83.62,0.74,83.00,84.00,84.00,NAO,0.0000,0.1962,0.0000
2025-10-09,18:40:00,46.00,46.00,0.00,46.00,46.00,46.00,NAO,26.10,26.13,0.04,26.10,26.10,26.20,NAO,83.00,83.62,0.74,83.00,84.00,84.00,NAO,0.0000,0.1962,0.0000
2025-10-09,18:45:00,46.00,46.00,0.00,46.00,46.00,46.00,NAO,26.10,26.11,0.03,26.10,26.10,26.10,NAO,85.00,83.87,0.83,83.00,84.00,85.00,NAO,0.0000,0.1962,0.0000
2025-10-09,18:50:00,46.00,46.00,0.00,46.00,46.00,46.00,NAO,26.10,26.10,nan,26.10,26.10,26.10,NAO,84.00,83.87,0.83,83.00,84.00,85.00,NAO,0.0000,0.1962,0.0000
2025-10-09,18:55:00,46.00,46.00,0.00,46.00,46.00,46.00,NAO,26.10,26.10,nan,26.10,26.10,26.10,NAO,83.00,83.75,0.89,83.00,84.00,85.00,NAO,0.0000,0.1962,0.0000
2025-10-09,19:00:00,46.00,46.00,0.00,46.00,46.00,46.00,NAO,26.10,26.10,nan,26.10,26.10,26.10,NAO,84.00,83.87,0.83,83.00,84.00,85.00,NAO,0.0000,-0.1617,0.0000
2025-10-09,19:05:00,46.00,46.00,0.00,46.00,46.00,46.00,NAO,26.10,26.10,nan,26.10,26.10,26.10,NAO,84.00,84.00,0.76,84.00,84.00,85.00,NAO,0.0000,-0.1617,0.0000
2025-10-09,19:10:00,46.00,46.00,0.00,46.00,46.00,46.00,NAO,26.10,26.10,nan,26.10,26.10,26.10,NAO,83.00,83.87,0.83,83.00,84.00,85.00,NAO,0.0000,-0.1617,0.0000
2025-10-09,19:15:00,46.00,46.00,0.00,46.00,46.00,46.00,NAO,26.00,26.09,0.03,26.10,26.10,26.10,SIM,85.00,83.87,0.83,83.00,84.00,85.00,NAO,0.0000,-0.1617,0.0000
2025-10-09,19:20:00,46.00,46.00,0.00,46.00,46.00,46.00,NAO,26.00,26.08,0.04,26.10,26.10,26.10,SIM,84.00,84.00,0.76,84.00,84.00,85.00,NAO,0.0000,-0.1617,0.0000
2025-10-09,19:25:00,46.00,46.00,0.00,46.00,46.00,46.00,NAO,25.90,26.05,0.08,26.00,26.10,26.10,NAO,83.00,83.75,0.71,83.00,84.00,84.00,NAO,0.0000,-0.1617,0.0000
2025-10-09,19:30:00,47.00,46.13,0.35,46.00,46.00,46.00,SIM,25.90,26.02,0.09,26.00,26.10,26.10,NAO,86.00,84.00,1.07,83.00,84.00,85.00,NAO,0.0000,-0.1617,0.0000
2025-10-09,19:35:00,47.00,46.25,0.46,46.00,46.00,47.00,NAO,25.90,26.00,0.09,25.90,26.00,26.10,NAO,83.00,84.00,1.07,83.00,84.00,85.00,NAO,0.0000,-0.1617,0.0000
2025-10-09,19:40:00,47.00,46.38,0.52,46.00,46.00,47.00,NAO,25.90,25.97,0.09,25.90,26.00,26.10,NAO,84.00,84.00,1.07,83.00,84.00,85.00,NAO,0.0000,-0.1617,0.0000
2025-10-09,19:45:00,47.00,46.50,0.53,46.00,47.00,47.00,NAO,25.90,25.95,0.08,25.90,25.90,26.00,NAO,84.00,84.00,1.07,83.00,84.00,85.00,NAO,0.0000,-0.1617,0.0000
2025-10-09,19:50:00,47.00,46.63,0.52,46.00,47.00,47.00,NAO,25.90,25.92,0.05,25.90,25.90,26.00,NAO,84.00,84.12,0.99,84.00,84.00,85.00,NAO,0.0000,-0.1617,0.0000
2025-10-09,19:55:00,47.00,46.75,0.46,47.00,47.00,47.00,NAO,25.90,25.91,0.04,25.90,25.90,25.90,NAO,84.00,84.00,0.93,84.00,84.00,84.00,NAO,0.0000,-0.1617,0.0000
2025-10-09,20:00:00,47.00,46.88,0.35,47.00,47.00,47.00,NAO,25.90,25.90,0.01,25.90,25.90,25.90,NAO,84.00,84.00,0.93,84.00,84.00,84.00,NAO,-0.7601,-0.1267,0.2070
2025-10-09,20:05:00,47.00,47.00,0.00,47.00,47.00,47.00,NAO,25.90,25.90,0.01,25.90,25.90,25.90,NAO,85.00,84.25,0.89,84.00,84.00,85.00,NAO,-0.7601,-0.1267,0.2070
2025-10-09,20:10:00,47.00,47.00,0.00,47.00,47.00,47.00,NAO,25.80,25.89,0.04,25.90,25.90,25.90,SIM,83.00,83.87,0.64,84.00,84.00,84.00,SIM,-0.7601,-0.1267,0.2070
2025-10-09,20:15:00,47.00,47.00,0.00,47.00,47.00,47.00,NAO,25.80,25.87,0.05,25.90,25.90,25.90,SIM,83.00,83.87,0.64,84.00,84.00,84.00,SIM,-0.7601,-0.1267,0.2070
2025-10-09,20:20:00,47.00,47.00,0.00,47.00,47.00,47.00,NAO,25.80,25.86,0.05,25.80,25.90,25.90,NAO,84.00,83.87,0.64,84.00,84.00,84.00,NAO,-0.7601,-0.1267,0.2070
2025-10-09,20:25:00,47.00,47.00,0.00,47.00,47.00,47.00,NAO,25.80,25.85,0.05,25.80,25.90,25.90,NAO,84.00,83.87,0.64,84.00,84.00,84.00,NAO,-0.7601,-0.1267,0.2070
2025-10-09,20:30:00,47.00,47.00,0.00,47.00,47.00,47.00,NAO,25.80,25.84,0.05,25.80,25.80,25.90,NAO,85.00,84.00,0.76,84.00,84.00,85.00,NAO,-0.7601,-0.1267,0.2070
2025-10-09,20:35:00,47.00,47.00,0.00,47.00,47.00,47.00,NAO,25.80,25.82,0.05,25.80,25.80,25.90,NAO,83.00,83.87,0.83,83.00,84.00,85.00,NAO,-0.7601,-0.1267,0.2070
2025-10-09,20:40:00,47.00,47.00,0.00,47.00,47.00,47.00,NAO,25.80,25.81,0.04,25.80,25.80,25.80,NAO,86.00,84.12,1.13,83.00,84.00,85.00,NAO,-0.7601,-0.1267,0.2070
2025-10-09,20:45:00,47.00,47.00,0.00,47.00,47.00,47.00,NAO,25.80,25.80,nan,25.80,25.80,25.80,NAO,83.00,83.87,1.13,83.00,84.00,85.00,NAO,-0.7601,-0.1267,0.2070
2025-10-09,20:50:00,47.00,47.00,0.00,47.00,47.00,47.00,NAO,25.80,25.80,nan,25.80,25.80,25.80,NAO,84.00,84.00,1.07,83.00,84.00,85.00,NAO,-0.7601,-0.1267,0.2070
2025-10-09,20:55:00,47.00,47.00,0.00,47.00,47.00,47.00,NAO,25.80,25.80,nan,25.80,25.80,25.80,NAO,84.00,84.12,0.99,84.00,84.00,85.00,NAO,-0.7601,-0.1267,0.2070
2025-10-09,21:00:00,47.00,47.00,0.00,47.00,47.00,47.00,NAO,25.80,25.80,nan,25.80,25.80,25.80,NAO,83.00,84.00,1.07,83.00,84.00,85.00,NAO,0.0000,0.3243,0.0000
2025-10-09,21:05:00,47.00,47.00,0.00,47.00,47.00,47.00,NAO,25.80,25.80,nan,25.80,25.80,25.80,NAO,84.00,84.00,1.07,83.00,84.00,85.00,NAO,0.0000,0.3243,0.0000
2025-10-09,21:10:00,47.00,47.00,0.00,47.00,47.00,47.00,NAO,25.70,25.79,0.03,25.80,25.80,25.80,SIM,83.00,83.75,1.04,83.00,84.00,84.00,NAO,0.0000,0.3243,0.0000
2025-10-09,21:15:00,47.00,47.00,0.00,47.00,47.00,47.00,NAO,25.70,25.78,0.04,25.80,25.80,25.80,SIM,84.00,83.87,0.99,83.00,84.00,84.00,NAO,0.0000,0.3243,0.0000
2025-10-09,21:20:00,47.00,47.00,0.00,47.00,47.00,47.00,NAO,25.80,25.78,0.04,25.80,25.80,25.80,NAO,84.00,83.62,0.52,83.00,84.00,84.00,NAO,0.0000,0.3243,0.0000
2025-10-09,21:25:00,47.00,47.00,0.00,47.00,47.00,47.00,NAO,25.70,25.76,0.05,25.70,25.80,25.80,NAO,84.00,83.75,0.46,84.00,84.00,84.00,NAO,0.0000,0.3243,0.0000
2025-10-09,21:30:00,47.00,47.00,0.00,47.00,47.00,47.00,NAO,25.70,25.75,0.05,25.70,25.80,25.80,NAO,85.00,83.87,0.64,84.00,84.00,84.00,SIM,0.0000,0.3243,0.0000
2025-10-09,21:35:00,47.00,47.00,0.00,47.00,47.00,47.00,NAO,25.70,25.74,0.05,25.70,25.70,25.80,NAO,84.00,83.87,0.64,84.00,84.00,84.00,NAO,0.0000,0.3243,0.0000
2025-10-09,21:40:00,47.00,47.00,0.00,47.00,47.00,47.00,NAO,25.70,25.72,0.05,25.70,25.70,25.80,NAO,83.00,83.87,0.64,84.00,84.00,84.00,SIM,0.0000,0.3243,0.0000
2025-10-09,21:45:00,47.00,47.00,0.00,47.00,47.00,47.00,NAO,25.70,25.71,0.04,25.70,25.70,25.70,NAO,83.00,83.75,0.71,83.00,84.00,84.00,NAO,0.0000,0.3243,0.0000
2025-10-09,21:50:00,47.00,47.00,0.00,47.00,47.00,47.00,NAO,25.60,25.70,0.05,25.70,25.70,25.70,SIM,83.00,83.75,0.71,83.00,84.00,84.00,NAO,0.0000,0.3243,0.0000
2025-10-09,21:55:00,47.00,47.00,0.00,47.00,47.00,47.00,NAO,25.70,25.70,0.05,25.70,25.70,25.70,NAO,83.00,83.62,0.74,83.00,84.00,84.00,NAO,0.0000,0.3243,0.0000
2025-10-09,22:00:00,48.00,47.13,0.35,47.00,47.00,47.00,SIM,25.60,25.67,0.05,25.70,25.70,25.70,SIM,83.00,83.50,0.76,83.00,83.00,84.00,NAO,-0.5104,0.4523,-0.2748
2025-10-09,22:05:00,48.00,47.25,0.46,47.00,47.00,48.00,NAO,25.60,25.66,0.05,25.60,25.70,25.70,NAO,84.00,83.50,0.76,83.00,83.00,84.00,NAO,-0.5104,0.4523,-0.2748
2025-10-09,22:10:00,48.00,47.38,0.52,47.00,47.00,48.00,NAO,25.60,25.65,0.05,25.60,25.70,25.70,NAO,83.00,83.25,0.46,83.00,83.00,84.00,NAO,-0.5104,0.4523,-0.2748
2025-10-09,22:15:00,48.00,47.50,0.53,47.00,48.00,48.00,NAO,25.60,25.64,0.05,25.60,25.60,25.70,NAO,83.00,83.12,0.35,83.00,83.00,83.00,NAO,-0.5104,0.4523,-0.2748
2025-10-09,22:20:00,48.00,47.63,0.52,47.00,48.00,48.00,NAO,25.60,25.63,0.04,25.60,25.60,25.70,NAO,84.00,83.25,0.46,83.00,83.00,84.00,NAO,-0.5104,0.4523,-0.2748
2025-10-09,22:25:00,48.00,47.75,0.46,48.00,48.00,48.00,NAO,25.60,25.61,0.03,25.60,25.60,25.60,NAO,84.00,83.37,0.52,83.00,83.00,84.00,NAO,-0.5104,0.4523,-0.2748
2025-10-09,22:30:00,48.00,47.88,0.35,48.00,48.00,48.00,NAO,25.60,25.61,0.03,25.60,25.60,25.60,NAO,83.00,83.37,0.52,83.00,83.00,84.00,NAO,-0.5104,0.4523,-0.2748
2025-10-09,22:35:00,48.00,48.00,0.00,48.00,48.00,48.00,NAO,25.60,25.60,nan,25.60,25.60,25.60,NAO,83.00,83.37,0.52,83.00,83.00,84.00,NAO,-0.5104,0.4523,-0.2748
2025-10-09,22:40:00,48.00,48.00,0.00,48.00,48.00,48.00,NAO,25.60,25.60,nan,25.60,25.60,25.60,NAO,84.00,83.50,0.53,83.00,84.00,84.00,NAO,-0.5104,0.4523,-0.2748
2025-10-09,22:45:00,48.00,48.00,0.00,48.00,48.00,48.00,NAO,25.60,25.60,nan,25.60,25.60,25.60,NAO,83.00,83.37,0.52,83.00,83.00,84.00,NAO,-0.5104,0.4523,-0.2748
2025-10-09,22:50:00,48.00,48.00,0.00,48.00,48.00,48.00,NAO,25.60,25.60,nan,25.60,25.60,25.60,NAO,83.00,83.37,0.52,83.00,83.00,84.00,NAO,-0.5104,0.4523,-0.2748
2025-10-09,22:55:00,48.00,48.00,0.00,48.00,48.00,48.00,NAO,25.60,25.60,nan,25.60,25.60,25.60,NAO,86.00,83.75,1.04,83.00,84.00,84.00,SIM,-0.5104,0.4523,-0.2748
2025-10-09,23:00:00,48.00,48.00,0.00,48.00,48.00,48.00,NAO,25.60,25.60,nan,25.60,25.60,25.60,NAO,83.00,83.62,1.06,83.00,83.00,84.00,NAO,0.0000,nan,0.0000
2025-10-09,23:05:00,48.00,48.00,0.00,48.00,48.00,48.00,NAO,25.60,25.60,nan,25.60,25.60,25.60,NAO,84.00,83.62,1.06,83.00,83.00,84.00,NAO,0.0000,nan,0.0000
2025-10-09,23:10:00,48.00,48.00,0.00,48.00,48.00,48.00,NAO,25.50,25.59,0.04,25.60,25.60,25.60,SIM,85.00,83.87,1.13,83.00,84.00,85.00,NAO,0.0000,nan,0.0000
2025-10-09,23:15:00,48.00,48.00,0.00,48.00,48.00,48.00,NAO,25.50,25.57,0.05,25.60,25.60,25.60,SIM,84.00,84.00,1.07,83.00,84.00,85.00,NAO,0.0000,nan,0.0000
2025-10-09,23:20:00,48.00,48.00,0.00,48.00,48.00,48.00,NAO,25.50,25.56,0.05,25.50,25.60,25.60,NAO,83.00,83.87,1.13,83.00,84.00,85.00,NAO,0.0000,nan,0.0000
2025-10-09,23:25:00,48.00,48.00,0.00,48.00,48.00,48.00,NAO,25.50,25.55,0.05,25.50,25.60,25.60,NAO,84.00,84.00,1.07,83.00,84.00,85.00,NAO,0.0000,nan,0.0000
2025-10-09,23:30:00,48.00,48.00,0.00,48.00,48.00,48.00,NAO,25.40,25.53,0.07,25.50,25.50,25.60,NAO,84.00,84.12,0.99,84.00,84.00,85.00,NAO,0.0000,nan,0.0000
2025-10-09,23:35:00,48.00,48.00,0.00,48.00,48.00,48.00,NAO,25.50,25.51,0.06,25.50,25.50,25.60,NAO,85.00,84.00,0.76,84.00,84.00,85.00,NAO,0.0000,nan,0.0000
2025-10-09,23:40:00,48.00,48.00,0.00,48.00,48.00,48.00,NAO,25.40,25.49,0.06,25.50,25.50,25.50,SIM,83.00,84.00,0.76,84.00,84.00,85.00,NAO,0.0000,nan,0.0000
2025-10-09,23:45:00,48.00,48.00,0.00,48.00,48.00,48.00,NAO,25.40,25.46,0.05,25.40,25.50,25.50,NAO,84.00,84.00,0.76,84.00,84.00,85.00,NAO,0.0000,nan,0.0000
2025-10-09,23:50:00,48.00,48.00,0.00,48.00,48.00,48.00,NAO,25.40,25.45,0.05,25.40,25.50,25.50,NAO,84.00,83.87,0.64,84.00,84.00,84.00,NAO,0.0000,nan,0.0000
2025-10-09,23:55:00,48.00,48.00,0.00,48.00,48.00,48.00,NAO,25.40,25.44,0.05,25.40,25.40,25.50,NAO,85.00,84.00,0.76,84.00,84.00,85.00,NAO,0.0000,nan,0.0000
2025-10-10,00:00:00,49.00,48.13,0.35,48.00,48.00,48.00,SIM,25.40,25.42,0.05,25.40,25.40,25.50,NAO,83.00,84.00,0.76,84.00,84.00,85.00,NAO,-0.2579,0.1828,-0.4264
2025-10-10,00:05:00,48.00,48.13,0.35,48.00,48.00,48.00,NAO,25.40,25.41,0.04,25.40,25.40,25.40,NAO,83.00,83.87,0.83,83.00,84.00,85.00,NAO,-0.2579,0.1828,-0.4264
2025-10-10,00:10:00,48.00,48.13,0.35,48.00,48.00,48.00,NAO,25.40,25.41,0.04,25.40,25.40,25.40,NAO,83.00,83.75,0.89,83.00,84.00,85.00,NAO,-0.2579,0.1828,-0.4264
2025-10-10,00:15:00,48.00,48.13,0.35,48.00,48.00,48.00,NAO,25.40,25.40,0.01,25.40,25.40,25.40,NAO,83.00,83.50,0.76,83.00,83.00,84.00,NAO,-0.2579,0.1828,-0.4264
2025-10-10,00:20:00,48.00,48.13,0.35,48.00,48.00,48.00,NAO,25.40,25.40,0.01,25.40,25.40,25.40,NAO,83.00,83.50,0.76,83.00,83.00,84.00,NAO,-0.2579,0.1828,-0.4264
2025-10-10,00:25:00,48.00,48.13,0.35,48.00,48.00,48.00,NAO,25.30,25.39,0.04,25.40,25.40,25.40,SIM,85.00,83.62,0.92,83.00,83.00,85.00,NAO,-0.2579,0.1828,-0.4264
2025-10-10,00:30:00,48.00,48.13,0.35,48.00,48.00,48.00,NAO,25.30,25.37,0.05,25.40,25.40,25.40,SIM,84.00,83.62,0.92,83.00,83.00,85.00,NAO,-0.2579,0.1828,-0.4264
2025-10-10,00:35:00,48.00,48.13,0.35,48.00,48.00,48.00,NAO,25.30,25.36,0.05,25.30,25.40,25.40,NAO,83.00,83.37,0.74,83.00,83.00,84.00,NAO,-0.2579,0.1828,-0.4264
2025-10-10,00:40:00,48.00,48.00,0.00,48.00,48.00,48.00,NAO,25.30,25.35,0.05,25.30,25.40,25.40,NAO,84.00,83.50,0.76,83.00,83.00,84.00,NAO,-0.2579,0.1828,-0.4264
2025-10-10,00:45:00,48.00,48.00,0.00,48.00,48.00,48.00,NAO,25.30,25.34,0.05,25.30,25.30,25.40,NAO,84.00,83.62,0.74,83.00,84.00,84.00,NAO,-0.2579,0.1828,-0.4264
2025-10-10,00:50:00,48.00,48.00,0.00,48.00,48.00,48.00,NAO,25.30,25.32,0.05,25.30,25.30,25.40,NAO,83.00,83.62,0.74,83.00,84.00,84.00,NAO,-0.2579,0.1828,-0.4264
2025-10-10,00:55:00,48.00,48.00,0.00,48.00,48.00,48.00,NAO,25.30,25.31,0.03,25.30,25.30,25.30,NAO,84.00,83.75,0.71,83.00,84.00,84.00,NAO,-0.2579,0.1828,-0.4264
2025-10-10,01:00:00,48.00,48.00,0.00,48.00,48.00,48.00,NAO,25.30,25.30,nan,25.30,25.30,25.30,NAO,84.00,83.87,0.64,84.00,84.00,84.00,NAO,0.0000,-0.6633,0.0000
2025-10-10,01:05:00,48.00,48.00,0.00,48.00,48.00,48.00,NAO,25.30,25.30,nan,25.30,25.30,25.30,NAO,84.00,83.75,0.46,84.00,84.00,84.00,NAO,0.0000,-0.6633,0.0000
2025-10-10,01:10:00,48.00,48.00,0.00,48.00,48.00,48.00,NAO,25.20,25.29,0.03,25.30,25.30,25.30,SIM,87.00,84.12,1.25,84.00,84.00,84.00,SIM,0.0000,-0.6633,0.0000
2025-10-10,01:15:00,48.00,48.00,0.00,48.00,48.00,48.00,NAO,25.20,25.28,0.04,25.30,25.30,25.30,SIM,85.00,84.37,1.19,84.00,84.00,85.00,NAO,0.0000,-0.6633,0.0000
2025-10-10,01:20:00,48.00,48.00,0.00,48.00,48.00,48.00,NAO,25.20,25.26,0.05,25.20,25.30,25.30,NAO,84.00,84.37,1.19,84.00,84.00,85.00,NAO,0.0000,-0.6633,0.0000
2025-10-10,01:25:00,47.00,47.88,0.35,48.00,48.00,48.00,SIM,25.20,25.25,0.05,25.20,25.30,25.30,NAO,83.00,84.25,1.28,84.00,84.00,85.00,NAO,0.0000,-0.6633,0.0000
2025-10-10,01:30:00,47.00,47.75,0.46,48.00,48.00,48.00,SIM,25.20,25.24,0.05,25.20,25.20,25.30,NAO,83.00,84.25,1.28,84.00,84.00,85.00,NAO,0.0000,-0.6633,0.0000
2025-10-10,01:35:00,47.00,47.63,0.52,47.00,48.00,48.00,NAO,25.20,25.22,0.05,25.20,25.20,25.30,NAO,84.00,84.25,1.28,84.00,84.00,85.00,NAO,0.0000,-0.6633,0.0000
2025-10-10,01:40:00,47.00,47.50,0.53,47.00,48.00,48.00,NAO,25.20,25.21,0.04,25.20,25.20,25.20,NAO,84.00,84.25,1.28,84.00,84.00,85.00,NAO,0.0000,-0.6633,0.0000
2025-10-10,01:45:00,47.00,47.38,0.52,47.00,47.00,48.00,NAO,25.20,25.20,0.01,25.20,25.20,25.20,NAO,83.00,84.12,1.36,83.00,84.00,85.00,NAO,0.0000,-0.6633,0.0000
2025-10-10,01:50:00,47.00,47.25,0.46,47.00,47.00,48.00,NAO,25.20,25.20,0.01,25.20,25.20,25.20,NAO,84.00,83.75,0.71,83.00,84.00,84.00,NAO,0.0000,-0.6633,0.0000
2025-10-10,01:55:00,47.00,47.13,0.35,47.00,47.00,47.00,NAO,25.20,25.20,0.01,25.20,25.20,25.20,NAO,84.00,83.62,0.52,83.00,84.00,84.00,NAO,0.0000,-0.6633,0.0000
2025-10-10,02:00:00,47.00,47.00,0.00,47.00,47.00,47.00,NAO,25.20,25.20,0.01,25.20,25.20,25.20,NAO,84.00,83.62,0.52,83.00,84.00,84.00,NAO,0.4427,-0.0228,0.6248
2025-10-10,02:05:00,47.00,47.00,0.00,47.00,47.00,47.00,NAO,25.20,25.20,0.01,25.20,25.20,25.20,NAO,84.00,83.75,0.46,84.00,84.00,84.00,NAO,0.4427,-0.0228,0.6248
2025-10-10,02:10:00,47.00,47.00,0.00,47.00,47.00,47.00,NAO,25.20,25.20,0.01,25.20,25.20,25.20,NAO,83.00,83.75,0.46,84.00,84.00,84.00,SIM,0.4427,-0.0228,0.6248
2025-10-10,02:15:00,47.00,47.00,0.00,47.00,47.00,47.00,NAO,25.10,25.19,0.04,25.20,25.20,25.20,SIM,83.00,83.62,0.52,83.00,84.00,84.00,NAO,0.4427,-0.0228,0.6248
2025-10-10,02:20:00,47.00,47.00,0.00,47.00,47.00,47.00,NAO,25.10,25.18,0.04,25.20,25.20,25.20,SIM,85.00,83.75,0.71,83.00,84.00,84.00,NAO,0.4427,-0.0228,0.6248
2025-10-10,02:25:00,47.00,47.00,0.00,47.00,47.00,47.00,NAO,25.10,25.16,0.05,25.10,25.20,25.20,NAO,83.00,83.75,0.71,83.00,84.00,84.00,NAO,0.4427,-0.0228,0.6248
2025-10-10,02:30:00,46.00,46.88,0.35,47.00,47.00,47.00,SIM,25.10,25.15,0.05,25.10,25.20,25.20,NAO,85.00,83.87,0.83,83.00,84.00,85.00,NAO,0.4427,-0.0228,0.6248
2025-10-10,02:35:00,46.00,46.75,0.46,47.00,47.00,47.00,SIM,25.10,25.14,0.05,25.10,25.10,25.20,NAO,84.00,83.87,0.83,83.00,84.00,85.00,NAO,0.4427,-0.0228,0.6248
2025-10-10,02:40:00,46.00,46.63,0.52,46.00,47.00,47.00,NAO,25.10,25.13,0.04,25.10,25.10,25.20,NAO,84.00,83.87,0.83,83.00,84.00,85.00,NAO,0.4427,-0.0228,0.6248
2025-10-10,02:45:00,46.00,46.50,0.53,46.00,47.00,47.00,NAO,25.10,25.11,0.04,25.10,25.10,25.10,NAO,83.00,83.75,0.89,83.00,84.00,85.00,NAO,0.4427,-0.0228,0.6248
2025-10-10,02:50:00,46.00,46.38,0.52,46.00,46.00,47.00,NAO,25.00,25.09,0.03,25.10,25.10,25.10,SIM,84.00,83.87,0.83,83.00,84.00,85.00,NAO,0.4427,-0.0228,0.6248
2025-10-10,02:55:00,46.00,46.25,0.46,46.00,46.00,47.00,NAO,25.00,25.07,0.04,25.10,25.10,25.10,SIM,86.00,84.25,1.04,84.00,84.00,85.00,NAO,0.4427,-0.0228,0.6248
2025-10-10,03:00:00,46.00,46.13,0.35,46.00,46.00,46.00,NAO,25.00,25.06,0.05,25.00,25.10,25.10,NAO,85.00,84.25,1.04,84.00,84.00,85.00,NAO,0.6480,-0.5497,-0.4283
2025-10-10,03:05:00,46.00,46.00,0.00,46.00,46.00,46.00,NAO,25.00,25.05,0.05,25.00,25.10,25.10,NAO,84.00,84.37,0.92,84.00,84.00,85.00,NAO,0.6480,-0.5497,-0.4283
2025-10-10,03:10:00,46.00,46.00,0.00,46.00,46.00,46.00,NAO,25.00,25.04,0.05,25.00,25.00,25.10,NAO,83.00,84.12,0.99,84.00,84.00,85.00,NAO,0.6480,-0.5497,-0.4283
2025-10-10,03:15:00,46.00,46.00,0.00,46.00,46.00,46.00,NAO,25.00,25.02,0.05,25.00,25.00,25.10,NAO,84.00,84.12,0.99,84.00,84.00,85.00,NAO,0.6480,-0.5497,-0.4283
2025-10-10,03:20:00,46.00,46.00,0.00,46.00,46.00,46.00,NAO,25.00,25.01,0.03,25.00,25.00,25.00,NAO,84.00,84.12,0.99,84.00,84.00,85.00,NAO,0.6480,-0.5497,-0.4283
2025-10-10,03:25:00,46.00,46.00,0.00,46.00,46.00,46.00,NAO,25.00,25.00,0.00,25.00,25.00,25.00,NAO,84.00,84.25,0.89,84.00,84.00,85.00,NAO,0.6480,-0.5497,-0.4283
2025-10-10,03:30:00,46.00,46.00,0.00,46.00,46.00,46.00,NAO,25.00,25.00,0.00,25.00,25.00,25.00,NAO,83.00,84.12,0.99,84.00,84.00,85.00,NAO,0.6480,-0.5497,-0.4283
2025-10-10,03:35:00,46.00,46.00,0.00,46.00,46.00,46.00,NAO,25.00,25.00,0.00,25.00,25.00,25.00,NAO,85.00,84.00,0.76,84.00,84.00,85.00,NAO,0.6480,-0.5497,-0.4283
2025-10-10,03:40:00,46.00,46.00,0.00,46.00,46.00,46.00,NAO,24.90,24.99,0.04,25.00,25.00,25.00,SIM,83.00,83.75,0.71,83.00,84.00,84.00,NAO,0.6480,-0.5497,-0.4283
2025-10-10,03:45:00,46.00,46.00,0.00,46.00,46.00,46.00,NAO,24.90,24.97,0.05,25.00,25.00,25.00,SIM,84.00,83.75,0.71,83.00,84.00,84.00,NAO,0.6480,-0.5497,-0.4283
2025-10-10,03:50:00,46.00,46.00,0.00,46.00,46.00,46.00,NAO,24.90,24.96,0.05,24.90,25.00,25.00,NAO,83.00,83.75,0.71,83.00,84.00,84.00,NAO,0.6480,-0.5497,-0.4283
2025-10-10,03:55:00,46.00,46.00,0.00,46.00,46.00,46.00,NAO,24.90,24.95,0.05,24.90,25.00,25.00,NAO,84.00,83.75,0.71,83.00,84.00,84.00,NAO,0.6480,-0.5497,-0.4283
2025-10-10,04:00:00,46.00,46.00,0.00,46.00,46.00,46.00,NAO,24.90,24.94,0.05,24.90,24.90,25.00,NAO,83.00,83.62,0.74,83.00,84.00,84.00,NAO,0.0000,0.3592,0.0000
2025-10-10,04:05:00,46.00,46.00,0.00,46.00,46.00,46.00,NAO,24.90,24.92,0.05,24.90,24.90,25.00,NAO,84.00,83.62,0.74,83.00,84.00,84.00,NAO,0.0000,0.3592,0.0000
2025-10-10,04:10:00,46.00,46.00,0.00,46.00,46.00,46.00,NAO,25.00,24.92,0.05,24.90,24.90,25.00,NAO,84.00,83.75,0.71,83.00,84.00,84.00,NAO,0.0000,0.3592,0.0000
2025-10-10,04:15:00,46.00,46.00,0.00,46.00,46.00,46.00,NAO,25.00,24.92,0.05,24.90,24.90,25.00,NAO,84.00,83.62,0.52,83.00,84.00,84.00,NAO,0.0000,0.3592,0.0000
2025-10-10,04:20:00,46.00,46.00,0.00,46.00,46.00,46.00,NAO,24.90,24.92,0.05,24.90,24.90,25.00,NAO,83.00,83.62,0.52,83.00,84.00,84.00,NAO,0.0000,0.3592,0.0000
2025-10-10,04:25:00,46.00,46.00,0.00,46.00,46.00,46.00,NAO,25.00,24.94,0.05,24.90,24.90,25.00,NAO,84.00,83.62,0.52,83.00,84.00,84.00,NAO,0.0000,0.3592,0.0000
2025-10-10,04:30:00,46.00,46.00,0.00,46.00,46.00,46.00,NAO,25.00,24.95,0.05,24.90,25.00,25.00,NAO,84.00,83.75,0.46,84.00,84.00,84.00,NAO,0.0000,0.3592,0.0000
2025-10-10,04:35:00,46.00,46.00,0.00,46.00,46.00,46.00,NAO,24.90,24.95,0.05,24.90,25.00,25.00,NAO,84.00,83.75,0.46,84.00,84.00,84.00,NAO,0.0000,0.3592,0.0000
2025-10-10,04:40:00,46.00,46.00,0.00,46.00,46.00,46.00,NAO,24.90,24.95,0.05,24.90,25.00,25.00,NAO,84.00,83.87,0.35,84.00,84.00,84.00,NAO,0.0000,0.3592,0.0000
2025-10-10,04:45:00,46.00,46.00,0.00,46.00,46.00,46.00,NAO,24.90,24.95,0.05,24.90,25.00,25.00,NAO,84.00,83.87,0.35,84.00,84.00,84.00,NAO,0.0000,0.3592,0.0000
2025-10-10,04:50:00,46.00,46.00,0.00,46.00,46.00,46.00,NAO,24.90,24.94,0.05,24.90,24.90,25.00,NAO,84.00,83.87,0.35,84.00,84.00,84.00,NAO,0.0000,0.3592,0.0000
2025-10-10,04:55:00,46.00,46.00,0.00,46.00,46.00,46.00,NAO,24.90,24.92,0.05,24.90,24.90,25.00,NAO,84.00,83.87,0.35,84.00,84.00,84.00,NAO,0.0000,0.3592,0.0000
2025-10-10,05:00:00,46.00,46.00,0.00,46.00,46.00,46.00,NAO,24.90,24.92,0.05,24.90,24.90,25.00,NAO,84.00,84.00,0.00,84.00,84.00,84.00,NAO,0.0000,0.2164,0.0000
2025-10-10,05:05:00,46.00,46.00,0.00,46.00,46.00,46.00,NAO,24.90,24.91,0.04,24.90,24.90,24.90,NAO,84.00,84.00,0.00,84.00,84.00,84.00,NAO,0.0000,0.2164,0.0000
2025-10-10,05:10:00,46.00,46.00,0.00,46.00,46.00,46.00,NAO,24.90,24.90,0.01,24.90,24.90,24.90,NAO,85.00,84.12,0.35,84.00,84.00,84.00,SIM,0.0000,0.2164,0.0000
2025-10-10,05:15:00,46.00,46.00,0.00,46.00,46.00,46.00,NAO,24.90,24.90,0.01,24.90,24.90,24.90,NAO,83.00,84.00,0.53,84.00,84.00,84.00,SIM,0.0000,0.2164,0.0000
2025-10-10,05:20:00,47.00,46.13,0.35,46.00,46.00,46.00,SIM,24.90,24.90,0.01,24.90,24.90,24.90,NAO,84.00,84.00,0.53,84.00,84.00,84.00,NAO,0.0000,0.2164,0.0000
2025-10-10,05:25:00,47.00,46.25,0.46,46.00,46.00,47.00,NAO,24.80,24.89,0.04,24.90,24.90,24.90,SIM,86.00,84.25,0.89,84.00,84.00,85.00,NAO,0.0000,0.2164,0.0000
2025-10-10,05:30:00,47.00,46.38,0.52,46.00,46.00,47.00,NAO,24.80,24.87,0.05,24.90,24.90,24.90,SIM,83.00,84.12,0.99,84.00,84.00,85.00,NAO,0.0000,0.2164,0.0000
2025-10-10,05:35:00,47.00,46.50,0.53,46.00,47.00,47.00,NAO,24.80,24.86,0.05,24.80,24.90,24.90,NAO,84.00,84.12,0.99,84.00,84.00,85.00,NAO,0.0000,0.2164,0.0000
2025-10-10,05:40:00,47.00,46.63,0.52,46.00,47.00,47.00,NAO,24.80,24.85,0.05,24.80,24.90,24.90,NAO,84.00,84.12,0.99,84.00,84.00,85.00,NAO,0.0000,0.2164,0.0000
2025-10-10,05:45:00,47.00,46.75,0.46,47.00,47.00,47.00,NAO,24.80,24.84,0.05,24.80,24.80,24.90,NAO,83.00,84.00,1.07,83.00,84.00,85.00,NAO,0.0000,0.2164,0.0000
2025-10-10,05:50:00,47.00,46.88,0.35,47.00,47.00,47.00,NAO,24.80,24.82,0.05,24.80,24.80,24.90,NAO,84.00,83.87,0.99,83.00,84.00,84.00,NAO,0.0000,0.2164,0.0000
2025-10-10,05:55:00,47.00,47.00,0.00,47.00,47.00,47.00,NAO,24.80,24.81,0.04,24.80,24.80,24.80,NAO,85.00,84.12,0.99,84.00,84.00,85.00,NAO,0.0000,0.2164,0.0000
2025-10-10,06:00:00,47.00,47.00,0.00,47.00,47.00,47.00,NAO,24.80,24.80,nan,24.80,24.80,24.80,NAO,84.00,84.12,0.99,84.00,84.00,85.00,NAO,-0.8084,-0.0686,0.0558
2025-10-10,06:05:00,47.00,47.00,0.00,47.00,47.00,47.00,NAO,24.80,24.80,nan,24.80,24.80,24.80,NAO,83.00,83.75,0.71,83.00,84.00,84.00,NAO,-0.8084,-0.0686,0.0558
2025-10-10,06:10:00,47.00,47.00,0.00,47.00,47.00,47.00,NAO,24.80,24.80,nan,24.80,24.80,24.80,NAO,83.00,83.75,0.71,83.00,84.00,84.00,NAO,-0.8084,-0.0686,0.0558
2025-10-10,06:15:00,47.00,47.00,0.00,47.00,47.00,47.00,NAO,24.80,24.80,nan,24.80,24.80,24.80,NAO,83.00,83.62,0.74,83.00,84.00,84.00,NAO,-0.8084,-0.0686,0.0558
2025-10-10,06:20:00,47.00,47.00,0.00,47.00,47.00,47.00,NAO,24.80,24.80,nan,24.80,24.80,24.80,NAO,83.00,83.50,0.76,83.00,83.00,84.00,NAO,-0.8084,-0.0686,0.0558
2025-10-10,06:25:00,47.00,47.00,0.00,47.00,47.00,47.00,NAO,24.80,24.80,nan,24.80,24.80,24.80,NAO,84.00,83.62,0.74,83.00,84.00,84.00,NAO,-0.8084,-0.0686,0.0558
2025-10-10,06:30:00,47.00,47.00,0.00,47.00,47.00,47.00,NAO,24.80,24.80,nan,24.80,24.80,24.80,NAO,83.00,83.50,0.76,83.00,83.00,84.00,NAO,-0.8084,-0.0686,0.0558
2025-10-10,06:35:00,47.00,47.00,0.00,47.00,47.00,47.00,NAO,24.80,24.80,nan,24.80,24.80,24.80,NAO,84.00,83.37,0.52,83.00,83.00,84.00,NAO,-0.8084,-0.0686,0.0558
2025-10-10,06:40:00,47.00,47.00,0.00,47.00,47.00,47.00,NAO,24.80,24.80,nan,24.80,24.80,24.80,NAO,86.00,83.62,1.06,83.00,83.00,84.00,SIM,-0.8084,-0.0686,0.0558
2025-10-10,06:45:00,47.00,47.00,0.00,47.00,47.00,47.00,NAO,24.80,24.80,nan,24.80,24.80,24.80,NAO,83.00,83.62,1.06,83.00,83.00,84.00,NAO,-0.8084,-0.0686,0.0558
2025-10-10,06:50:00,47.00,47.00,0.00,47.00,47.00,47.00,NAO,24.80,24.80,nan,24.80,24.80,24.80,NAO,83.00,83.62,1.06,83.00,83.00,84.00,NAO,-0.8084,-0.0686,0.0558
2025-10-10,06:55:00,47.00,47.00,0.00,47.00,47.00,47.00,NAO,24.80,24.80,nan,24.80,24.80,24.80,NAO,83.00,83.62,1.06,83.00,83.00,84.00,NAO,-0.8084,-0.0686,0.0558
2025-10-10,07:00:00,47.00,47.00,0.00,47.00,47.00,47.00,NAO,24.80,24.80,nan,24.80,24.80,24.80,NAO,86.00,84.00,1.31,83.00,84.00,86.00,NAO,0.0000,nan,0.0000
2025-10-10,07:05:00,47.00,47.00,0.00,47.00,47.00,47.00,NAO,24.80,24.80,nan,24.80,24.80,24.80,NAO,83.00,83.87,1.36,83.00,83.00,86.00,NAO,0.0000,nan,0.0000
2025-10-10,07:10:00,47.00,47.00,0.00,47.00,47.00,47.00,NAO,24.80,24.80,nan,24.80,24.80,24.80,NAO,84.00,84.00,1.31,83.00,84.00,86.00,NAO,0.0000,nan,0.0000
2025-10-10,07:15:00,47.00,47.00,0.00,47.00,47.00,47.00,NAO,24.80,24.80,nan,24.80,24.80,24.80,NAO,83.00,83.87,1.36,83.00,83.00,86.00,NAO,0.0000,nan,0.0000
2025-10-10,07:20:00,47.00,47.00,0.00,47.00,47.00,47.00,NAO,24.90,24.81,0.04,24.80,24.80,24.80,SIM,83.00,83.50,1.07,83.00,83.00,84.00,NAO,0.0000,nan,0.0000
2025-10-10,07:25:00,47.00,47.00,0.00,47.00,47.00,47.00,NAO,24.90,24.82,0.05,24.80,24.80,24.90,NAO,82.00,83.37,1.19,83.00,83.00,84.00,NAO,0.0000,nan,0.0000
2025-10-10,07:30:00,47.00,47.00,0.00,47.00,47.00,47.00,NAO,25.00,24.85,0.08,24.80,24.80,24.90,NAO,83.00,83.37,1.19,83.00,83.00,84.00,NAO,0.0000,nan,0.0000
2025-10-10,07:35:00,47.00,47.00,0.00,47.00,47.00,47.00,NAO,25.00,24.87,0.09,24.80,24.90,25.00,NAO,83.00,83.37,1.19,83.00,83.00,84.00,NAO,0.0000,nan,0.0000
2025-10-10,07:40:00,46.00,46.88,0.35,47.00,47.00,47.00,SIM,25.00,24.90,0.09,24.80,24.90,25.00,NAO,83.00,83.00,0.53,83.00,83.00,83.00,NAO,0.0000,nan,0.0000
